id,cohortID,year,run,species,speciesid,start,type,dtrees,diameter,height,stembiomass,brbiomass,folbiomass,volume,isztree
1,226,2015,2,PAbi,2,2015,1,1,38.64468792382484,3165.4041001507862,742.5550338886196,52.97763262788609,29.61703878136044,1.856387584721549,0
2,2894,2015,28,PAbi,2,2015,1,1,24.03133178346057,2255.242647605084,204.58266498237472,18.07670975756308,15.643949538159832,0.5114566624559368,0
3,3343,2015,32,PAbi,2,2015,1,1,2.675527852495676,419.8645781658123,0.472115291058463,0.0573958894198703,0.4387249563841421,0.0011802882276461,0
4,7132,2015,68,PAbi,2,2015,1,1,40.58976604081653,3269.724939946056,846.1827993847107,58.74577203121342,35.377189560254074,2.115456998461777,0
5,7133,2015,68,PAbi,2,2015,1,1,20.591634963793883,2004.494397052424,133.50772180768354,12.419458780538193,12.783057800522853,0.3337693045192088,0
6,7134,2015,68,PAbi,2,2015,1,1,18.96761507723421,1880.686104575282,106.2824722590909,10.130394198207362,11.301018816019944,0.2657061806477272,0
7,7135,2015,68,PAbi,2,2015,1,1,43.88151445289512,3438.2798646565234,1039.9783929621897,69.01713732835661,39.76682499731477,2.5999459824054743,0
8,7136,2015,68,PAbi,2,2015,1,1,11.320076188115642,1247.270471122142,25.10609785917673,2.683523844851184,5.210417589879009,0.0627652446479418,0
9,7137,2015,68,PAbi,2,2015,1,1,18.36605312788993,1833.9133172312968,97.16958631647722,9.34568618398874,10.76768298838096,0.242923965791193,0
10,7138,2015,68,PAbi,2,2015,1,1,42.7597544670918,3381.9411601134334,971.3065779609132,65.44644724011104,38.25175017634876,2.428266444902283,0
11,7139,2015,68,PAbi,2,2015,1,1,8.356135915978335,977.742932164324,10.723969075771151,1.198149426771007,3.3045075585945454,0.0268099226894278,0
12,7140,2015,68,PAbi,2,2015,1,1,38.91813928794707,3180.2883861984424,756.6421251359994,53.77461328888383,33.214415076648905,1.8916053128399983,0
13,7141,2015,68,PAbi,2,2015,1,1,42.78540950530231,3383.2422039043454,972.8465718260315,65.52730379852342,38.28618082174488,2.432116429565079,0
14,8135,2015,78,PAbi,2,2015,1,1,17.74035676472998,1784.7318976298786,88.23026049657038,8.565882093700118,9.815665846541574,0.2205756512414259,0
15,9234,2015,88,PAbi,2,2015,1,1,40.39135616686484,3259.2475727474257,835.2454107403622,58.14692771153111,31.573159939858385,2.088113526850905,0
16,9539,2015,91,PAbi,2,2015,1,1,16.910389148628315,1718.6467461443558,77.19936017457563,7.588782787036602,11.313855710358316,0.192998400436439,0
17,9900,2015,95,PAbi,2,2015,1,1,35.352204400097825,2980.4091307475146,585.0981991370269,43.755029932009606,21.45660246910255,1.4627454978425671,0
18,10155,2015,97,PAbi,2,2015,1,1,32.89582496710179,2835.186317293983,481.928983349901,37.34830463176952,26.73900297238461,1.2048224583747524,0
19,15588,2015,151,PAbi,2,2015,1,1,13.827481972348998,1464.4815671409256,43.983520572247045,4.528090866690565,6.41621762834384,0.1099588014306176,0
20,17404,2015,169,PAbi,2,2015,1,1,17.59698610781929,1773.3855485280897,86.2580476994235,8.392428073240398,9.11338523922464,0.2156451192485587,0
21,17692,2015,172,PAbi,2,2015,1,1,24.95249457442104,2319.83846780507,226.88488399495265,19.77361092487,18.74213043371488,0.5672122099873816,0
22,20379,2015,200,PAbi,2,2015,1,1,13.59132144837605,1444.4328760478836,41.91221466976455,4.3301412786212,7.287554420621995,0.1047805366744113,0
23,20388,2016,1,PAbi,2,2015,1,1,1.2612262874386078,272.0127667181072,0.0679665448960693,0.0084375141726527,0.1579414368809537,0.0001699163622401,0
24,1285,2016,12,PAbi,2,2015,1,1,33.38426664528895,2862.33162560814,501.0989665738836,38.55827527632947,22.193376915842503,1.2527474164347088,0
25,20393,2016,41,PAbi,2,2015,1,1,1.275894735393451,273.56531583118687,0.0699536858162179,0.0086823199516404,0.159229623091722,0.0001748842145405,0
26,5595,2016,53,PAbi,2,2015,1,1,21.60126788107556,2080.160647825709,152.4667836037663,13.970301371409054,13.115337143482789,0.3811669590094156,0
27,6062,2016,57,PAbi,2,2015,1,1,25.336741103881607,2337.5822324737437,235.7155763351056,20.425877198796684,21.966319797601734,0.589288940837764,0
28,6710,2016,63,PAbi,2,2015,1,1,27.273167650567306,2472.115475265084,288.8416349377079,24.31861753843919,23.848297317814723,0.7221040873442698,0
29,8714,2016,83,PAbi,2,2015,1,1,21.708282296264503,2086.8873017564038,154.47912277686564,14.132033978227694,14.549221491240528,0.386197806942164,0
30,9347,2016,89,PAbi,2,2015,1,1,21.44277761302616,2065.045644875272,149.14600177084168,13.698484907527943,16.156263205426555,0.3728650044271042,0
31,10993,2016,105,PAbi,2,2015,1,1,18.961732220219908,1879.581818752147,106.15418752711952,10.119058862530492,11.87552244648108,0.2653854688177988,0
32,10994,2016,105,PAbi,2,2015,1,1,13.099322525999195,1402.6511001103788,37.806563600078114,3.934854834941485,6.7477794220161575,0.0945164090001952,0
33,10995,2016,105,PAbi,2,2015,1,1,18.07192395455562,1810.6250648219425,92.88748111015504,8.973315928583599,11.049491619154972,0.2322187027753876,0
34,10996,2016,105,PAbi,2,2015,1,1,35.13398163267873,2959.2186204537384,573.78827295772,43.04467254564569,29.952064760769908,1.4344706823943,0
35,10997,2016,105,PAbi,2,2015,1,1,21.528146514278987,2071.8187550576863,150.82902307276416,13.835371316538534,14.366324500110832,0.3770725576819104,0
36,10998,2016,105,PAbi,2,2015,1,1,21.606019055968705,2076.64421783439,152.27600827008834,13.951828637014788,14.44434468297116,0.3806900206752208,0
37,10999,2016,105,PAbi,2,2015,1,1,33.18587410304844,2846.548691389309,492.43058197676055,38.00099251906039,27.49575207008097,1.231076454941901,0
38,11000,2016,105,PAbi,2,2015,1,1,36.77940160794845,3049.949168439891,648.0698189146519,47.48008310945899,32.08061607185836,1.6201745472866298,0
39,11001,2016,105,PAbi,2,2015,1,1,25.025537957707872,2320.77188706143,228.30697298342207,19.875887579184965,18.005734588348727,0.5707674324585551,0
40,11002,2016,105,PAbi,2,2015,1,1,14.166370889853289,1493.130153581414,47.06897693887194,4.821198547984854,7.6687331001728385,0.1176724423471798,0
41,11003,2016,105,PAbi,2,2015,1,1,20.387446683554284,1987.3472087559787,129.75356613992597,12.107206079537926,13.239755610429723,0.3243839153498149,0
42,11004,2016,105,PAbi,2,2015,1,1,25.13089367739053,2326.603676190001,230.81187688615637,20.062417423157576,18.119558452782808,0.5770296922153908,0
43,11005,2016,105,PAbi,2,2015,1,1,20.292219182713183,1980.8023764699556,128.12093950434476,11.97193355089738,13.14710187167885,0.3203023487608618,0
44,18119,2016,177,PAbi,2,2015,1,1,31.602570627329516,2756.851277108179,432.4919578542932,34.15754191180755,16.775480509006726,1.081229894635733,0
45,20420,2016,197,AInc,11,2015,1,1,1.22739742411251,292.5859956682431,0.0778926267599366,0.0182149122375752,0.0648432591561367,0.0001730947261331,0
46,20424,2017,11,PAbi,2,2016,1,2,1.2586150158767353,271.74433542916057,0.1352372061502403,0.0167892876837291,0.3925083177968682,0.0003380930153756,0
47,20426,2017,11,AGlu,10,2016,1,2,1.3140210755628925,290.18090008502145,0.1770825961706066,0.0413658452513091,0.1424562379683664,0.0003935168803791,0
48,20427,2017,11,AInc,11,2016,1,2,1.1307832428914306,280.7831834097807,0.1268914081261336,0.0297085679047094,0.1133260456369658,0.0002819809069469,0
49,20433,2017,11,SAuc,26,2016,1,1,1.3309684664769506,291.16143415786274,0.1296311106610961,0.0302750167848293,0.059231673415879,0.0002025486104079,0
50,20435,2017,11,TCor,27,2016,1,1,1.2534652176380885,267.18908357683773,0.0708878208771759,0.0165715248387581,0.0321066338638669,0.0001648553973887,0
51,1393,2017,13,PAbi,2,2015,1,1,36.964491755219726,3069.740828386868,658.8568505897122,48.1427340225277,25.586574979665446,1.6471421264742805,0
52,1394,2017,13,PAbi,2,2015,1,1,18.7114416761298,1863.0009040675368,102.4583701677848,9.80346840207128,9.215012350389902,0.2561459254194619,0
53,1395,2017,13,PAbi,2,2015,1,1,49.82845978973947,3705.107918128083,1445.0260142948944,88.81812703091401,40.04527137520052,3.6125650357372354,0
54,1396,2017,13,PAbi,2,2015,1,1,22.843344885681297,2171.8972967904983,178.02400014216576,16.011745766517574,12.430099107065084,0.4450600003554144,0
55,1397,2017,13,PAbi,2,2015,1,1,31.833586026686955,2770.178068158189,440.95948856309406,34.708498645608564,20.44859119565852,1.102398721407735,0
56,1398,2017,13,PAbi,2,2015,1,1,35.848404953864296,3007.819612454066,607.1714433926726,45.08216399473768,24.43654494585524,1.5179286084816814,0
57,1399,2017,13,PAbi,2,2015,1,1,14.04247705587626,1485.438565752076,46.01103663024822,4.7215913326156365,5.8769289549116825,0.1150275915756205,0
58,1400,2017,13,PAbi,2,2015,1,1,42.22534353731286,3347.8518605424997,937.6321555830206,63.6405188361994,31.238835318363883,2.3440803889575514,0
59,1401,2017,13,PAbi,2,2015,1,1,18.919444219682752,1878.9026233749285,105.64304206744242,10.076719402654977,9.369094249133054,0.264107605168606,0
60,1402,2017,13,PAbi,2,2015,1,1,16.2449580958202,1667.40171069162,69.11897841170826,6.862592362837335,7.454404227079762,0.1727974460292706,0
61,1403,2017,13,PAbi,2,2015,1,1,25.1138418296331,2332.1239550702544,231.0456606752532,20.08784461144149,14.3286336289698,0.5776141516881329,0
62,1404,2017,13,PAbi,2,2015,1,1,40.5700277385108,3264.4273594142924,843.9903778635829,58.60966362674427,29.42002268177538,2.109975944658957,0
63,1405,2017,13,PAbi,2,2015,1,1,16.020258473758897,1649.2666113264152,66.48899699951828,6.623744352547464,7.300276751926628,0.1662224924987957,0
64,1406,2017,13,PAbi,2,2015,1,1,28.03144417677956,2528.7538469663546,312.116968272974,25.9842151876308,16.896753017265226,0.7802924206824349,0
65,1407,2017,13,PAbi,2,2015,1,1,44.39421134414782,3453.383248998023,1069.097577733648,70.46337643436839,33.67631507296596,2.67274394433412,0
66,20439,2017,25,PAbi,2,2016,1,1,1.2104213708105145,266.6397108689402,0.0613645950259382,0.0076236549442869,0.2039364975394602,0.0001534114875648,0
67,20440,2017,25,APse,9,2016,1,1,1.3609375407231052,249.5105105968896,0.0943688064646717,0.0220314436348296,0.0407501315845838,0.0001814784739705,0
68,20441,2017,25,AInc,11,2016,1,1,1.3177812780585192,303.5657944240255,0.0931562289950189,0.0217599432687602,0.0761395922424652,0.0002070138422111,0
69,20444,2017,25,PMen,30,2016,1,1,1.3126551229714722,306.2099067920667,0.0828782152263118,0.0102808647276849,0.0532270246961461,0.0002071955380657,0
70,3777,2017,36,PAbi,2,2015,1,1,41.635689656967344,3304.4212610735,899.8017020254501,61.5697625959965,39.511159646060015,2.2495042550636253,0
71,4240,2017,40,PAbi,2,2015,1,1,26.54810480312078,2425.539494214206,268.53152261019005,22.853593592664296,19.728938469831487,0.671328806525475,0
72,4241,2017,40,PAbi,2,2015,1,1,18.70192926011934,1859.8116346771403,102.17900215272113,9.778131925811437,11.664954473001462,0.2554475053818028,0
73,4242,2017,40,PAbi,2,2015,1,1,51.706925803583005,3789.029638985006,1591.2752766662431,95.62728056352476,53.626136590826206,3.978188191665608,0
74,4243,2017,40,PAbi,2,2015,1,1,40.21732567746288,3239.8060190637498,823.1239930776331,57.44237704032186,36.78520793086528,2.0578099826940828,0
75,4244,2017,40,PAbi,2,2015,1,1,18.279277777005984,1827.5566241264028,95.9199147146882,9.23750246351946,11.121330268313526,0.2397997867867204,0
76,4245,2017,40,PAbi,2,2015,1,1,27.852460690924197,2510.7166026213854,305.94595202557343,25.53816462200076,21.20063104969937,0.7648648800639336,0
77,4246,2017,40,PAbi,2,2015,1,1,35.155032181930395,2961.808883859708,574.9789006215639,43.12087533844444,30.063163788971835,1.4374472515539096,0
78,4247,2017,40,PAbi,2,2015,1,1,26.02799742438783,2391.8893348265483,254.532046614597,21.83046096512192,19.15201908498513,0.6363301165364925,0
79,4248,2017,40,PAbi,2,2015,1,1,21.960505874126905,2105.067534939433,159.46691433936545,14.5333620880661,14.842837862856893,0.3986672858484136,0
80,20447,2017,42,SAuc,26,2016,1,1,1.1898393532679103,275.33646857273254,0.0979671006750209,0.0229198936602725,0.0442770857121441,0.0001530735948047,0
81,5586,2017,53,PAbi,2,2015,1,1,16.402094617438514,1679.2450621672233,70.96310055536622,7.02911132407132,8.677798555132869,0.1774077513884155,0
82,5587,2017,53,PAbi,2,2015,1,1,38.11862937981114,3136.2641591063143,715.8253345961897,51.45253260164365,30.744434532074795,1.7895633364904742,0
83,5588,2017,53,PAbi,2,2015,1,1,22.27048163527628,2129.1596772259645,165.877441704058,15.047645503283606,13.72950909751299,0.414693604260145,0
84,5589,2017,53,PAbi,2,2015,1,1,9.030421853129289,1042.5607943184075,13.354798621293575,1.4771439576715204,3.5349684918896496,0.0333869965532339,0
85,5590,2017,53,PAbi,2,2015,1,1,39.54837230055597,3212.4199354335724,789.2405982801035,55.59607460646302,32.49028461657256,1.9731014957002584,0
86,5591,2017,53,PAbi,2,2015,1,1,40.642738141955824,3264.858631670044,847.1302230513452,58.76821556924398,33.848157540548456,2.117825557628363,0
87,5592,2017,53,PAbi,2,2015,1,1,41.009416081615385,3279.261253739367,866.2895305128601,59.792100274871615,34.30725521969477,2.16572382628215,0
88,5593,2017,53,PAbi,2,2015,1,1,39.74136587485264,3220.3282427935446,798.9242370334533,56.126055579707504,32.72840034896964,1.997310592583633,0
89,5594,2017,53,PAbi,2,2015,1,1,44.674220287690666,3459.6725059448795,1084.5980768156144,71.21833811748232,39.007315864404205,2.711495192039036,0
90,5596,2017,53,PAbi,2,2015,1,1,14.392859081107158,1514.0572019169856,49.26702146718465,5.0292451610431455,7.133147507053728,0.1231675536679616,0
91,5817,2017,55,PAbi,2,2015,1,1,16.75363263393128,1702.6817727006633,75.0708512242074,7.396910952573066,10.96408972541198,0.1876771280605184,0
92,7030,2017,67,PAbi,2,2015,1,1,22.05861657560179,2101.095141818963,160.59134640056806,14.6143681499186,19.674246798062786,0.40147836600142,0
93,20401,2017,76,SAlb,24,2015,1,1,1.5220858055992257,329.6108429576057,0.1049561017254254,0.0244545189415745,0.0751709703199946,0.0002998745763583,0
94,20452,2017,91,PAbi,2,2016,1,1,1.3665941436563318,283.16564534524355,0.0830691085083366,0.0102963334219323,0.2298724711143531,0.0002076727712708,0
95,20459,2017,91,AInc,11,2016,1,1,1.2909598887562623,300.3149193177236,0.0884453092173926,0.0206663845088508,0.075652005419998,0.0001965451315942,0
96,20461,2017,91,PTre,20,2016,1,1,1.4550710780401874,324.06347846883614,0.0943032013948637,0.0219905763039411,0.0925497410172634,0.000269437718271,0
97,20464,2017,91,SAuc,26,2016,1,1,1.3742512256160744,295.9905988606579,0.140491497925721,0.0327939084588848,0.0638749733261803,0.0002195179655089,0
98,20466,2017,91,TCor,27,2016,1,1,1.2192655717015315,263.7790333599167,0.0662163496378843,0.0154860127985141,0.030613200882782,0.0001539915107857,0
99,20467,2017,91,PMen,30,2016,1,1,1.286090193346135,302.8609952126178,0.0786875594377414,0.0097648556134586,0.0527132292975447,0.0001967188985943,0
100,20405,2017,113,PCem,3,2015,1,1,1.5915544554489005,304.0678160992446,0.1270347790094352,0.015693559566738,0.2205065018781598,0.0003024637595462,0
101,20409,2017,115,PAbi,2,2015,1,1,1.4809241187065103,296.0193855395064,0.1019778008690259,0.0126187043968707,0.2383294635225468,0.0002549445021725,0
102,20472,2017,117,APse,9,2016,1,1,1.245349415830293,240.16096239464665,0.0760585579995454,0.0177820767858598,0.0263881047262161,0.0001462664576914,0
103,20473,2017,117,SAuc,26,2016,1,1,1.3502891854471994,293.31849306125946,0.1344104031030806,0.0313837224882842,0.0470229071234432,0.0002100162548485,0
104,20475,2017,118,PAbi,2,2016,1,1,1.2843373872407753,274.4670492924854,0.0711161669221529,0.0088255004322912,0.1451307345726515,0.0001777904173053,0
105,20477,2017,118,SAuc,26,2016,1,2,1.272176708598308,284.5837396940093,0.2315126988065747,0.0541084725428699,0.0849071000708874,0.0003617385918852,0
106,20478,2017,129,PAbi,2,2016,1,1,1.427862962143424,289.63658746727015,0.0927569277685265,0.0114867221131016,0.2052073894715569,0.0002318923194213,0
107,20484,2017,129,SAuc,26,2016,1,2,1.3551769881733555,293.8638335625797,0.2712739130732515,0.0633364040860862,0.1073454408228098,0.0004238654891769,0
108,14495,2017,140,PAbi,2,2015,1,1,48.9313366342608,3664.566595668928,1378.213990441686,85.65588954567922,54.17137646158033,3.445534976104215,0
109,17400,2017,169,PAbi,2,2015,1,1,29.765501142956765,2638.6851911012377,367.2263656147525,29.797820764627687,20.048971138038105,0.9180659140368812,0
110,18604,2017,182,PAbi,2,2015,1,1,34.18183307319228,2911.891471367556,534.4237614226985,40.64829934381743,21.38819160456285,1.336059403556746,0
111,20417,2017,197,PAbi,2,2015,1,1,1.3326826011893034,280.6350420926554,0.0782916114118865,0.0097090322606029,0.1846676211296447,0.0001957290285297,0
112,20420,2017,197,AInc,11,2015,1,1,1.3177240957186371,303.66228856490494,0.0931777534372368,0.0217649864328923,0.0716209087501988,0.0002070616743049,0
113,20389,2018,1,PAbi,2,2015,1,1,1.6010392253172592,309.9802647620454,0.1248124379637052,0.015416854989206,0.2409737486700187,0.0003120310949092,0
114,20390,2018,1,PCem,3,2015,1,1,1.5508652024475724,300.4821550944279,0.1191999202137132,0.0147345218711532,0.2219957500425362,0.0002838093338421,0
115,20433,2018,11,SAuc,26,2016,1,1,1.4529279767819294,304.7343314310851,0.161677437464454,0.0377025798279346,0.0669670010763234,0.0002526209960382,0
116,2087,2018,19,PAbi,2,2015,1,1,39.78951326548855,3221.509698811056,801.1550477772661,56.24480991118835,32.168328457121255,2.002887619443165,0
117,20441,2018,25,AInc,11,2016,1,1,1.4332652605746394,317.1780815248918,0.1151406605348985,0.0268568871062628,0.085329508276952,0.0002558681345219,0
118,3772,2018,36,PAbi,2,2015,1,1,41.93763654760057,3318.8945260908995,916.8984339921388,62.47943558876847,39.9417472894089,2.2922460849803468,0
119,3773,2018,36,PAbi,2,2015,1,1,13.67260837161469,1451.536950194616,42.62365828491616,4.398285287521937,7.3660210287574195,0.1065591457122903,0
120,3774,2018,36,PAbi,2,2015,1,1,40.13458185761519,3241.120014214508,820.0729272938224,57.29563252930237,37.39376945864471,2.050182318234556,0
121,3775,2018,36,PAbi,2,2015,1,1,41.732788678482095,3320.0057792570155,908.2669871734178,62.06592511116639,39.64945677356848,2.2706674679335443,0
122,3776,2018,36,PAbi,2,2015,1,1,25.917045308514176,2385.9309905570253,251.737973138186,21.62651827674763,19.404361826580494,0.6293449328454649,0
123,3778,2018,36,PAbi,2,2015,1,1,34.57075530668218,2932.9962891597443,550.6163800440025,41.64434871959,29.894027829350154,1.3765409501100063,0
124,4364,2018,41,PAbi,2,2015,1,1,19.200522421879377,1901.726120388515,110.12703319906696,10.46026240071542,9.981801064514812,0.2753175829976674,0
125,20395,2018,41,APse,9,2015,1,1,1.5447728982925777,265.5325441496274,0.1293928470949721,0.0301397959330014,0.0373566630229391,0.0002488323982595,0
126,20445,2018,42,AAlb,0,2016,1,1,1.4316250209274983,223.75323093802405,0.0720356952842138,0.0089201747211789,0.2088375670047222,0.0001800892382105,0
127,20449,2018,43,PAbi,2,2016,1,1,1.4701458929200115,295.3466667039104,0.1002704169266497,0.0124094101844657,0.1747941585511556,0.0002506760423166,0
128,20450,2018,43,APse,9,2016,1,2,1.4268779837278098,255.40700247089097,0.2123731941830842,0.0495405550791915,0.0606953291815013,0.0004084099888136,0
129,5482,2018,52,PAbi,2,2015,1,1,9.463777048949504,1072.8713677161409,15.093728478177784,1.6587157493310218,4.878617971645966,0.0377343211954444,0
130,6277,2018,59,PAbi,2,2015,1,1,22.86448042259618,2163.495058130209,177.66360009181182,15.97428174359295,18.038061238409284,0.4441590002295295,0
131,6587,2018,62,PAbi,2,2015,1,1,28.632976135238493,2567.2300983513333,330.61127118166127,27.27968153798417,20.24087708409852,0.8265281779541531,0
132,7761,2018,74,PAbi,2,2015,1,1,15.096363566762069,1557.645399923053,55.761335507088646,5.632499700840524,10.420840691110191,0.1394033387677216,0
133,20400,2018,76,AInc,11,2015,1,1,1.692824870781055,347.543030401612,0.1759969108904517,0.0409207490238481,0.1080372051737879,0.0003911042464232,0
134,8036,2018,77,PAbi,2,2015,1,1,43.8165408851601,3427.3628904684138,1033.6086738882557,68.65443065355407,39.858793517812494,2.5840216847206388,0
135,20492,2018,88,APse,9,2017,1,1,1.239415901987633,239.70961198186248,0.0751939338759997,0.0175812212955202,0.0285659079558211,0.0001446037189923,0
136,20454,2018,91,PCem,3,2016,1,1,1.3718057518412137,281.55352011082795,0.0873887196620319,0.0108309106304923,0.2109978986803682,0.0002080683801476,0
137,20459,2018,91,AInc,11,2016,1,1,1.394007411302645,312.3056686316859,0.1072463281768221,0.0250276285451033,0.0842390989425077,0.0002383251737262,0
138,20464,2018,91,SAuc,26,2016,1,1,1.4781471144006784,307.33747533139353,0.1687682312513168,0.039343891705579,0.0707363863319048,0.0002637003613301,0
139,11118,2018,106,PAbi,2,2015,1,1,44.63719586037888,3464.76200465845,1084.3939687292625,71.24007763603174,41.478606204104445,2.710984921823156,0
140,11284,2018,108,PAbi,2,2015,1,1,24.768648532142816,2299.334552300511,221.5780130720852,19.364130163599384,20.08029304257612,0.5539450326802129,0
141,20407,2018,113,SAuc,26,2015,1,1,1.3114197876470717,290.19727439481466,0.1254343990468964,0.0293019569112137,0.0422854660517167,0.0001959912485107,0
142,20408,2018,113,TCor,27,2015,1,5,1.2931976569005783,271.87899034913363,0.3838873596079193,0.0896977419960808,0.1391446872798205,0.0008927613014137,0
143,20477,2018,118,SAuc,26,2016,1,2,1.3361490148648822,292.3739073115555,0.2623724669147993,0.0612725047537161,0.0909440825553411,0.0004099569795543,0
144,20500,2018,126,SAuc,26,2017,1,1,1.2153960800661463,278.2405230216001,0.1032989491091411,0.0241596729693369,0.040413759290002,0.000161404607983,0
145,20478,2018,129,PAbi,2,2016,1,2,1.5861509334801422,307.4064908341883,0.2429695941688265,0.0300182553874172,0.4805183369253871,0.000607423985422,0
146,20484,2018,129,SAuc,26,2016,1,1,1.4322563931673868,302.86939314969,0.1561481294471418,0.0364224492403395,0.0562807620269838,0.0002439814522611,0
147,20506,2018,159,SAuc,26,2017,1,1,1.3656790599643416,295.07197154763105,0.1383136744421301,0.0322889705219094,0.049782154301327,0.0002161151163158,0
148,16583,2018,161,PAbi,2,2015,1,1,35.9152717880337,3006.8845568016272,609.2491699830858,45.19292810202368,25.41029299074377,1.5231229249577145,0
149,17403,2018,169,PAbi,2,2015,1,1,16.554025151621147,1692.8248611596932,72.86838210433899,7.201414159931379,8.315295903282461,0.1821709552608474,0
150,20510,2018,175,APse,9,2017,1,2,1.256712221709751,241.1121659908482,0.1555192047568971,0.036354439305971,0.0586263639801771,0.0002990753937632,0
151,20511,2018,175,APse,9,2017,1,1,1.2942622398668429,244.154213782275,0.0835164479457572,0.0195138967776773,0.0315421482518871,0.0001606085537418,0
152,20513,2018,175,AInc,11,2017,1,1,1.1481615605581834,282.9463555456756,0.0659147349180508,0.0154290313814633,0.0566464038653394,0.0001464771887067,0
153,20514,2018,175,SAuc,26,2017,1,2,1.2235186049445694,279.1537153594837,0.2100556768729151,0.0491231235742375,0.0966427015899136,0.0003282119951139,0
154,20420,2018,197,AInc,11,2015,1,2,1.4269387564006557,316.9215618757033,0.2280682605633446,0.0532017225562502,0.1496021607316384,0.0005068183568074,0
155,656,2019,6,PAbi,2,2015,1,1,29.35124709116695,2616.146280213413,354.0258854644541,28.902981232933264,20.887005333002087,0.8850647136611353,0
156,657,2019,6,PAbi,2,2015,1,1,36.89112199572218,3059.008884927122,653.9496976124408,47.8343333982159,29.431956691163283,1.634874244031102,0
157,658,2019,6,PAbi,2,2015,1,1,35.69696178364963,2995.448291906874,599.5759617174367,44.61538506049062,28.014522298679623,1.4989399042935918,0
158,659,2019,6,PAbi,2,2015,1,1,42.31516296150229,3337.773880798796,938.7907987481512,63.64082079328205,36.1559990640064,2.346976996870377,0
159,660,2019,6,PAbi,2,2015,1,1,32.11325509056848,2787.91037800496,451.6139451385584,35.40175737824855,23.903573623577422,1.129034862846396,0
160,661,2019,6,PAbi,2,2015,1,1,32.30021769771399,2796.964959823042,458.371705404927,35.83328320920428,24.112626217845957,1.1459292635123175,0
161,662,2019,6,PAbi,2,2015,1,1,23.158803772399985,2196.335722992837,185.03370638309383,16.563906829183804,14.229510716537424,0.4625842659577345,0
162,663,2019,6,PAbi,2,2015,1,1,8.343429887159013,981.0722433593156,10.727786142853446,1.1988030960027771,3.0443390135145973,0.0268194653571336,0
163,664,2019,6,PAbi,2,2015,1,1,37.73819158358627,3100.2205280573007,693.5449830068767,50.12124369830504,30.45144930330213,1.7338624575171917,0
164,665,2019,6,PAbi,2,2015,1,1,48.35526076757768,3622.530683696987,1330.5138788114143,83.29048531763922,44.167410164984055,3.3262846970285365,0
165,20423,2019,11,PAbi,2,2016,1,1,1.6504710442595631,314.52535125352443,0.1345833554746542,0.0166116148022418,0.2794962570032435,0.0003364583886866,0
166,20427,2019,11,AInc,11,2016,1,1,1.3334422881909662,305.877030511986,0.0961098087165024,0.0224455163228857,0.068004389498272,0.0002135773527033,0
167,20429,2019,11,PNig,19,2016,1,1,1.598462686210495,339.9313355989019,0.1193779553377342,0.0277886214792368,0.0993652603079931,0.0003410798723935,0
168,1282,2019,12,PAbi,2,2015,1,1,32.25876034761372,2792.8808367982947,456.52822327519874,35.710829426090264,21.08055979562032,1.1413205581879968,0
169,20438,2019,25,PAbi,2,2016,1,1,1.6465511586553252,312.7581723001453,0.1331922640568734,0.0164408653764432,0.3047008165482481,0.0003329806601421,0
170,20439,2019,25,PAbi,2,2016,1,1,1.7036744616269293,317.8107443912763,0.1448977624970844,0.0178706566725056,0.3358443677574874,0.0003622444062427,0
171,20440,2019,25,APse,9,2016,1,1,1.6520935584490626,273.0352964297677,0.1521777991387622,0.0354003426196195,0.0559967187240755,0.0002926496137283,0
172,20441,2019,25,AInc,11,2016,1,3,1.539485764577759,329.6435320750224,0.4141804235301203,0.0964823547307361,0.280113112570018,0.000920400941178,0
173,20394,2019,41,PAbi,2,2015,1,1,1.6715852475077817,318.9977865165883,0.1400117893347214,0.0172762514161513,0.2284188376558971,0.0003500294733368,0
174,20450,2019,43,APse,9,2016,1,2,1.4378581042751304,256.36682479312304,0.2164647123884813,0.0504881510368692,0.061491473299529,0.0004162782930547,0
175,20518,2019,50,PAbi,2,2018,1,1,1.3252119735676908,278.79442476827285,0.0769085571862535,0.0095385711946998,0.1695638866760411,0.0001922713929656,0
176,20519,2019,50,PAbi,2,2018,1,1,1.4131474747036088,288.0868330917341,0.0903687468684095,0.0111934118187075,0.2001841620582656,0.000225921867171,0
177,20521,2019,50,SAuc,26,2018,1,1,1.3480324305935112,293.1092840907834,0.1338659472104817,0.0312574672047603,0.0525497952326268,0.0002091655425163,0
178,20522,2019,50,SAuc,26,2018,1,3,1.3921249492773506,298.02690773903777,0.4354848236832582,0.1016296383457928,0.1721494792137972,0.000680445037005,0
179,7947,2019,76,PAbi,2,2015,1,1,15.753697080743503,1619.2336170639496,63.12397941233283,6.313693589170579,9.916167329154211,0.157809948530832,0
180,20398,2019,76,PAbi,2,2015,1,1,1.8957228124956969,337.8128288439742,0.1906978022678993,0.0234525983330697,0.3863285237278901,0.0004767445056697,0
181,8506,2019,81,PAbi,2,2015,1,1,26.0771016554074,2396.058288152096,255.93866235730292,21.935061645969256,17.73737003001183,0.6398466558932574,0
182,20491,2019,88,PCem,3,2017,1,1,1.379246151887169,282.39633757253324,0.0886036877663016,0.0109802855649944,0.1996413000601711,0.0002109611613483,0
183,20493,2019,88,AGlu,10,2017,1,1,1.299526742771616,288.7967818028373,0.0861856956270339,0.0201362662192667,0.0639950550503449,0.00019152376806,0
184,20452,2019,91,PAbi,2,2016,1,1,1.843505082794009,333.487857138441,0.1780281098397882,0.0219113581261674,0.3601588911749864,0.0004450702745994,0
185,20459,2019,91,AInc,11,2016,1,1,1.5149085202424968,326.2674590630226,0.1323180148405458,0.0308325055689975,0.0883176944246519,0.0002940400329789,0
186,20460,2019,91,AVir,12,2016,1,1,1.6501376802842895,310.2394523383357,0.1492828051643706,0.0347277308360179,0.0959010223126709,0.0003317395670319,0
187,20464,2019,91,SAuc,26,2016,1,2,1.6014062680660686,320.6390181431157,0.4133227149255738,0.0962091550359347,0.1483987498516987,0.0006458167420712,0
188,9899,2019,95,PAbi,2,2015,1,1,44.21367775617762,3450.85325774866,1059.643192157533,70.00922252184434,30.01035743754561,2.649107980393832,0
189,9901,2019,95,PAbi,2,2015,1,1,18.77832567738344,1870.619860757352,103.61416984828868,9.904123717946623,8.306565729226302,0.2590354246207216,0
190,9902,2019,95,PAbi,2,2015,1,1,25.48528807672795,2360.509489430043,240.82674833540705,20.822636532492787,13.133199039779557,0.6020668708385175,0
191,9903,2019,95,PAbi,2,2015,1,1,35.9598859075089,3018.0486521268595,613.031405346825,45.44431179969698,22.012210809677303,1.5325785133670624,0
192,9904,2019,95,PAbi,2,2015,1,1,40.93662244436556,3288.257914121516,865.5850882119287,59.803826903346994,26.73647922344091,2.1639627205298217,0
193,9905,2019,95,PAbi,2,2015,1,1,12.008277978978771,1313.3613282564866,29.74853388888919,3.147170267382537,4.247733923418011,0.0743713347222229,0
194,9906,2019,95,PAbi,2,2015,1,1,52.44419384595171,3827.14970214996,1653.4465310880162,98.5148764182466,38.76879714306051,4.13361632772004,0
195,9907,2019,95,PAbi,2,2015,1,1,18.62034400433609,1858.516337111164,101.21891098464822,9.69810795566616,8.201962057343325,0.2530472774616205,0
196,9908,2019,95,PAbi,2,2015,1,1,39.75798062260101,3227.143594849301,801.2846121327017,56.27876916011587,25.59014119964217,2.003211530331754,0
197,9909,2019,95,PAbi,2,2015,1,1,59.78173057561342,4109.44479204294,2306.959621926857,127.53943120881036,47.18336713103279,5.767399054817142,0
198,9910,2019,95,PAbi,2,2015,1,1,41.52592328728959,3317.1232386351035,898.5041317426244,61.57411259023589,27.31587719977168,2.246260329356561,0
199,9911,2019,95,PAbi,2,2015,1,1,57.26511616761946,4020.307103764024,2070.901289118568,117.18125731270426,44.23554932080381,5.17725322279642,0
200,20528,2019,96,APse,9,2018,1,1,1.263984546985276,241.70728129108477,0.0788563174203089,0.0184319336295915,0.0286007153423106,0.0001516467642698,0
201,20529,2019,96,AInc,11,2018,1,3,1.191689750031447,288.277564902819,0.2170355653094433,0.0507753955529646,0.1863072342230651,0.0004823012562432,0
202,20530,2019,96,SAuc,26,2018,1,2,1.2392054627311604,280.9218669342432,0.216841318723028,0.0507001685794414,0.0931517715559167,0.0003388145605047,0
203,11287,2019,108,PAbi,2,2015,1,1,20.187254189876764,1966.229317314064,125.86603384721435,11.779738998635269,14.775169026997023,0.3146650846180359,0
204,20405,2019,113,PCem,3,2015,1,1,1.76043816643162,322.5255560792509,0.1648598346228107,0.020315575474159,0.2414381292837646,0.0003925234157685,0
205,20473,2019,117,SAuc,26,2016,1,1,1.4879342934907334,309.9211221899752,0.1724481510671878,0.0401969187479718,0.0531688473746171,0.0002694502360424,0
206,20537,2019,121,SAuc,26,2018,1,2,1.243441720712851,281.3976152767941,0.218696150173586,0.0511311745057285,0.0797086834499529,0.0003417127346462,0
207,12972,2019,125,PAbi,2,2015,1,1,43.572282026989456,3405.9845383863176,1015.741416811776,67.69022952568466,34.77886808054953,2.53935354202944,0
208,20496,2019,126,PAbi,2,2017,1,2,1.6054464675833309,309.56159289640595,0.2506620592897448,0.030959805576768,0.4856142600601867,0.0006266551482243,0
209,20500,2019,126,SAuc,26,2017,1,2,1.2839395205252655,286.5916468851887,0.2374775268118156,0.0554944912407207,0.0872803895562883,0.0003710586356434,0
210,13397,2019,129,PAbi,2,2015,1,1,41.77175612735615,3294.2484087289067,902.904233899016,61.66637183528589,37.31998758546607,2.25726058474754,0
211,20479,2019,129,PAbi,2,2016,1,1,1.429997195350542,291.9692601851066,0.0937837032554198,0.0116135083429224,0.1788899632428231,0.0002344592581385,0
212,20481,2019,129,PCem,3,2016,1,1,1.4725287012314214,292.5401019004656,0.1046217839970631,0.0129474768572053,0.1939275071700734,0.0002490994857072,0
213,20482,2019,129,APse,9,2016,1,5,1.5096121173548058,262.19967943115046,0.6100931324878379,0.1421720823222169,0.181856956633246,0.001173256024015,0
214,20485,2019,129,SAuc,26,2016,1,2,1.395659845006665,299.3396119208609,0.2930847446190955,0.0683945707267823,0.1043895225120106,0.0004579449134673,0
215,20507,2019,175,PAbi,2,2017,1,1,1.4738533117568198,295.4239079410437,0.1008031350281299,0.0124746553977176,0.2272175115941497,0.0002520078375703,0
216,20510,2019,175,APse,9,2017,1,1,1.3452003442191842,248.72058251217504,0.091907064507879,0.0214608908612208,0.0329078786523495,0.0001767443548228,0
217,19102,2019,187,PAbi,2,2015,1,1,27.626147075046585,2490.04526416915,298.51609921501216,25.00178278788446,20.32851581101137,0.7462902480375304,0
218,19781,2019,194,PAbi,2,2015,1,1,30.733136302882304,2698.588276451606,400.37805962665976,32.027816711827846,23.75471339263738,1.0009451490666494,0
219,19886,2019,195,PAbi,2,2015,1,1,30.30380404447044,2662.682267265636,384.0904606644005,30.91977702479921,25.796942661122976,0.9602261516610012,0
220,20417,2019,197,PAbi,2,2015,1,1,1.6961439149226376,320.9033981545559,0.1450172249810997,0.0178873821190101,0.2621244943154561,0.0003625430624527,0
221,20419,2019,197,APse,9,2015,1,1,1.509768186942198,262.8309540380877,0.1223376913529992,0.0285087144034875,0.0404947548378322,0.0002352647910634,0
222,20420,2019,197,AInc,11,2015,1,3,1.5130875913544946,327.6654258157048,0.3976970889306077,0.0926727390716715,0.2381087579656475,0.0008837713087346,0
223,360,2020,3,PAbi,2,2015,1,1,35.441494114578546,2923.1395389707927,576.7577897411801,43.0757845110539,33.210660899213025,1.44189447435295,0
224,20542,2020,10,SAuc,26,2019,1,1,1.0384816138027215,258.2558855247056,0.0699983351728226,0.0164071546049904,0.0305406373602509,0.0001093723987075,0
225,20544,2020,10,TPla,28,2019,1,1,1.0760603614681488,248.9670047901292,0.0486791967343851,0.0114047809889966,0.0202898811544853,0.000113207434266,0
226,20433,2020,11,SAuc,26,2016,1,2,1.6662445579671077,328.3182224071402,0.4581865443937438,0.106567033159767,0.1494260760043038,0.0007159164756152,0
227,20436,2020,11,PMen,30,2016,1,1,1.7694363938306898,361.5765936630135,0.1778238862522663,0.0219102116415751,0.0859907846708136,0.0004445597156306,0
228,20393,2020,41,PAbi,2,2015,1,1,1.872325961163412,341.4192657886925,0.1880056146762516,0.0231295081810396,0.2818718918172553,0.0004700140366906,0
229,20450,2020,43,APse,9,2016,1,13,1.5004551986107504,261.84593378620593,1.564942845192134,0.3647251230567763,0.4297245448664383,0.0030095054715233,0
230,20451,2020,43,SAuc,26,2016,1,1,1.351850874210866,295.12295076955644,0.1355502792564817,0.0316492641105929,0.0410675182627,0.0002117973113382,0
231,20518,2020,50,PAbi,2,2018,1,1,1.4685740540742631,295.16914893779085,0.0999959802889511,0.0123757336100513,0.1978103961004649,0.0002499899507223,0
232,20519,2020,50,PAbi,2,2018,1,1,1.579238987626682,306.7758905483356,0.1201812776879709,0.0148495987242806,0.236494077962531,0.0003004531942199,0
233,20520,2020,50,AInc,11,2018,1,2,1.3990110864682872,313.73347280750664,0.2170229008180908,0.0506426032932714,0.1498394530375089,0.000482273112929,0
234,20521,2020,50,SAuc,26,2018,1,2,1.4324396710591625,303.02267133516506,0.3125342790909986,0.0729002532778777,0.1141262069129549,0.0004883348110796,0
235,20522,2020,50,SAuc,26,2018,1,2,1.4848126539922888,308.73493768129845,0.3421361423000562,0.0797535249214449,0.125604521876161,0.0005345877223438,0
236,5410,2020,51,PAbi,2,2015,1,1,19.146234885624096,1896.962912364809,109.2308924873275,10.383588883025023,11.286196705474584,0.2730772312183187,0
237,5923,2020,56,PAbi,2,2015,1,1,36.98627169431026,3058.8595061785027,657.2952872590955,48.01367714140551,33.13343158504535,1.6432382181477383,0
238,6471,2020,61,PAbi,2,2015,1,1,47.15268330260507,3578.206166810038,1249.6778176095274,79.43694985933843,46.89080010005648,3.124194544023818,0
239,20399,2020,76,APse,9,2015,1,1,1.6183832730205077,270.0633266059374,0.1444413718202528,0.0336146010640867,0.0548691648308597,0.0002777718688851,0
240,20400,2020,76,AInc,11,2015,1,1,1.8949980058801892,370.83792067414777,0.2353282424778005,0.0545800181784662,0.1253232955226801,0.0005229516499506,0
241,20402,2020,76,SAuc,26,2015,1,2,1.5229923066571187,312.0525987871452,0.3638254524818896,0.0847695073749594,0.1414904136291033,0.0005684772695029,0
242,8814,2020,84,PAbi,2,2015,1,1,17.021471748673047,1734.05331630568,78.91808533414786,7.744826744291871,7.495909385193575,0.1972952133353696,0
243,8815,2020,84,PAbi,2,2015,1,1,41.37131744256006,3306.1939647221207,888.8877225035643,61.045285701917855,29.76116938001213,2.2222193062589106,0
244,8816,2020,84,PAbi,2,2015,1,1,51.94877584895971,3780.780495562554,1602.6990406373,96.04149883222176,41.87587957713321,4.00674760159325,0
245,8817,2020,84,PAbi,2,2015,1,1,28.289464145230063,2548.41870959109,320.36134201045144,26.568766794030434,16.828214804446965,0.8009033550261284,0
246,8818,2020,84,PAbi,2,2015,1,1,21.96719176021628,2112.321959092428,160.11391370983827,14.590867868259355,11.33482310583578,0.4002847842745956,0
247,8819,2020,84,PAbi,2,2015,1,1,34.637418424887656,2939.178139657404,553.9069544498983,41.85278328677273,22.79918061785036,1.3847673861247458,0
248,8820,2020,84,PAbi,2,2015,1,1,10.89268285762298,1216.611722632286,22.67470222063656,2.4391789759346443,3.776625145734967,0.0566867555515913,0
249,8821,2020,84,PAbi,2,2015,1,1,44.71779975744976,3464.909153285201,1088.3600278722824,71.42388910632894,33.44426111273419,2.720900069680706,0
250,8822,2020,84,PAbi,2,2015,1,1,24.90503110255365,2321.5462039689587,226.18895046173336,19.72691771198847,13.900537631925715,0.5654723761543334,0
251,8823,2020,84,PAbi,2,2015,1,1,28.80044996769389,2580.536053625943,336.22372418220414,27.674093455870576,17.286213585455698,0.8405593104555102,0
252,8824,2020,84,PAbi,2,2015,1,1,34.978932273477895,2956.727037934914,568.2562315324385,42.72531154647663,23.137199325558363,1.4206405788310963,0
253,8825,2020,84,PAbi,2,2015,1,1,28.02370567563128,2531.871245570089,312.3292222256289,26.004869229152277,16.591639763142187,0.7808230555640722,0
254,8826,2020,84,PAbi,2,2015,1,1,45.4905302759099,3493.4997175287663,1135.592689977616,73.76449340185785,34.31487839687434,2.8389817249440394,0
255,8827,2020,84,PAbi,2,2015,1,1,41.583567419101655,3312.430174767545,899.7256419742336,61.60881437933218,29.99049139084476,2.249314104935584,0
256,20490,2020,88,PAbi,2,2017,1,1,1.5502256930716918,304.6764055786975,0.1150134315803796,0.0142171567098704,0.2287676416976296,0.0002875335789509,0
257,20492,2020,88,APse,9,2017,1,1,1.4748723916903077,259.84139396716495,0.1154198376081501,0.0269081976085141,0.038393842778307,0.0002219612261695,0
258,20452,2020,91,PAbi,2,2016,1,1,2.1202496283714267,361.94043145397336,0.2555824143154765,0.0313280678345317,0.4442302464834924,0.0006389560357886,0
259,20458,2020,91,AGlu,10,2016,1,1,1.2585566797700367,284.4311487615474,0.0796150391174479,0.0186105256844118,0.0591817131888056,0.0001769223091498,0
260,20459,2020,91,AInc,11,2016,1,1,1.6244670536109085,339.3784953323551,0.1582626869117014,0.0368283589760037,0.095536287833839,0.0003516948598037,0
261,20463,2020,91,SAri,25,2016,1,1,1.4757189868451044,333.98955102668987,0.1828016324348338,0.0426166871692095,0.083045229949756,0.0002856275506794,0
262,20464,2020,91,SAuc,26,2016,1,3,1.7131814329512944,333.1063386846564,0.7371412747187058,0.1713485851987326,0.2385319176052824,0.0011517832417479,0
263,20467,2020,91,PMen,30,2016,1,1,1.8103384902251365,365.1726206613865,0.1879912586739731,0.0231489562891649,0.0924433073700989,0.0004699781466849,0
264,20529,2020,96,AInc,11,2018,1,1,1.2961222660504783,301.1326162790692,0.0893968342477253,0.0208873888543107,0.0671626341526057,0.0001986596316616,0
265,20530,2020,96,SAuc,26,2018,1,5,1.328871327453374,291.52372396359704,0.6469185864530616,0.1510901051829087,0.2552633107919115,0.0010108102913329,0
266,20531,2020,96,SAuc,26,2018,1,1,1.342187924230364,292.93203115922523,0.1326274369479385,0.0309705114236868,0.0538368427723687,0.0002072303702311,0
267,12008,2020,115,PAbi,2,2015,1,1,5.834416275450359,739.8475086999224,3.956005774552124,0.4589091756341962,1.9083309343973585,0.0098900144363803,0
268,20473,2020,117,SAuc,26,2016,1,2,1.5493498938224275,317.30464432416335,0.3828646746358282,0.0891765874468805,0.1114690156875268,0.0005982260541184,0
269,20477,2020,118,SAuc,26,2016,1,1,1.469828253975808,308.6432780426019,0.1675829632181447,0.0390715842834306,0.0481271063352095,0.0002618483800283,0
270,20537,2020,121,SAuc,26,2018,1,2,1.3041818749840477,288.85335830042374,0.2469582830011667,0.0576955588290786,0.0852125283140365,0.0003858723171893,0
271,20500,2020,126,SAuc,26,2017,1,1,1.351214265217161,294.7088059001682,0.1352326055078947,0.0315753394418441,0.0468746671393378,0.000211300946106,0
272,20502,2020,126,TCor,27,2017,1,1,1.4075693559801463,283.5659745820381,0.0948685070225494,0.0221353641765257,0.0328671525531003,0.0002206244349361,0
273,13278,2020,128,PAbi,2,2015,1,1,19.578804883732285,1918.042429575872,115.49161218684196,10.907795321056147,14.069820126424004,0.2887290304671048,0
274,20478,2020,129,PAbi,2,2016,1,1,1.9498290717788207,347.4869612588293,0.2075159452943271,0.0255005267551036,0.3274598171856713,0.0005187898632358,0
275,20479,2020,129,PAbi,2,2016,1,1,1.5760170214088989,308.53728056103773,0.1203786120691945,0.0148746899108412,0.2069781742933951,0.0003009465301729,0
276,16347,2020,159,PAbi,2,2015,1,1,39.93968354357182,3217.376468204696,806.1781014580515,56.47856043250249,30.551512045744936,2.0154452536451286,0
277,20548,2020,168,PCem,3,2019,1,1,1.324890283277237,276.312429628719,0.0799962129351659,0.0099215643615372,0.1994504439216911,0.0001904671736551,0
278,20549,2020,168,PCem,3,2019,1,1,1.2185386620155496,265.4273668854329,0.0650030150498346,0.0080747069500861,0.1626920522985351,0.0001547690834519,0
279,20550,2020,168,APse,9,2019,1,1,1.2533413142211816,240.8453800343019,0.0772574306364242,0.0180605832535468,0.0281718557290155,0.0001485719819931,0
280,20552,2020,168,AGlu,10,2019,1,1,1.289694416953553,287.4676512077472,0.0844957800414838,0.0197438347732794,0.0687365653739706,0.0001877684000921,0
281,20553,2020,168,AInc,11,2019,1,2,1.3192277086100492,303.79563627026937,0.1868630596087994,0.0436477195742271,0.1514954215247868,0.0004152512435751,0
282,20559,2020,168,SAuc,26,2019,1,1,1.2609830897738397,283.36741151801016,0.1132421973608468,0.0264702959727631,0.0524651978840331,0.0001769409333763,0
283,20507,2020,175,PAbi,2,2017,1,1,1.67186046400384,317.00738064459614,0.1391839976617976,0.0171740391470184,0.2745114403077817,0.0003479599941544,0
284,20510,2020,175,APse,9,2017,1,1,1.4463017827037543,257.270640150221,0.1098933213661652,0.0256288096549237,0.0372222142974854,0.0002113333103195,0
285,20512,2020,175,AGlu,10,2017,1,3,1.3787676209993112,297.75535052823415,0.3000788454832065,0.0700413185546479,0.2051426009770321,0.0006668418788515,0
286,20513,2020,175,AInc,11,2017,1,1,1.310725686637478,303.4594166098881,0.0921290597871841,0.0215218863227701,0.0650228705863976,0.0002047312439715,0
287,20514,2020,175,SAuc,26,2017,1,1,1.3922977007248565,298.81770194270786,0.1455829089829166,0.0339747932634229,0.0556156477562899,0.0002274732952858,0
288,20515,2020,175,TCor,27,2017,1,7,1.2587392616376034,268.19076237323543,0.5022752208754773,0.1174097873656521,0.2107955952211337,0.0011680819090127,0
289,18402,2020,180,PAbi,2,2015,1,1,27.95162065467906,2526.2550630742708,310.03524054310327,25.841476941164185,16.401533601366186,0.7750881013577581,0
290,20414,2020,197,AAlb,0,2015,1,1,1.82670330567989,248.28923703587813,0.1301408983697971,0.0160214730242673,0.2645872611835642,0.0003253522459244,0
291,565,2021,5,PAbi,2,2015,1,1,29.473756796574182,2614.130279969483,356.7123091471178,29.069638680250957,25.31019579699598,0.8917807728677944,0
292,20539,2021,10,PAbi,2,2019,1,1,1.300339643594095,277.2652013559814,0.0736425552793427,0.0091368637106236,0.1559504541817928,0.0001841063881983,0
293,20427,2021,11,AInc,11,2016,1,2,1.5122790148601126,328.28258258729704,0.2653469425848338,0.0618326703523877,0.1563760972990828,0.0005896598724107,0
294,20441,2021,25,AInc,11,2016,1,1,1.767120068790243,356.3902585843171,0.1966664789436452,0.0456848422359621,0.103265389580299,0.0004370366198747,0
295,3237,2021,31,PAbi,2,2015,1,1,28.058553045671815,2510.9132981878,310.51467939312306,25.840434204868696,23.195600832066564,0.7762866984828076,0
296,20449,2021,43,PAbi,2,2016,1,1,1.8129518488103296,335.00924552875193,0.1729614067911047,0.021297380098509,0.2321051737039674,0.0004324035169777,0
297,20451,2021,43,SAuc,26,2016,1,2,1.402616757349594,301.3999598737591,0.2980513490632765,0.0695476134531985,0.0851117115596974,0.0004657052329113,0
298,20517,2021,50,PAbi,2,2018,1,1,1.4587236617132784,295.11180011202737,0.0986398736978086,0.0122096764304104,0.183780722794502,0.0002465996842445,0
299,20519,2021,50,PAbi,2,2018,1,2,1.7638808909937178,327.0217431914225,0.3196428634632955,0.0393873869683503,0.5583189428343616,0.0007991071586582,0
300,20521,2021,50,SAuc,26,2018,1,2,1.5118244491760056,312.3092594683455,0.358804139495458,0.0836110721376968,0.1164567138785925,0.0005606314679616,0
301,20522,2021,50,SAuc,26,2018,1,5,1.5741026986014546,318.95084016449334,0.9931154571427374,0.2312452836012761,0.3283218061138795,0.0015517429017855,0
302,20572,2021,71,PAbi,2,2020,1,1,1.2500851009052172,270.8434119624686,0.0664840261130457,0.008254829998155,0.1632222123643378,0.0001662100652826,0
303,20573,2021,71,SAuc,26,2020,1,2,1.240925787156802,281.1870963157427,0.2176490928910466,0.0508879543831919,0.088768826240871,0.0003400767076422,0
304,20402,2021,76,SAuc,26,2015,1,1,1.6136384932010326,322.0390284577218,0.2107467365518074,0.0490481444675768,0.0764662343075195,0.0003292917758621,0
305,20491,2021,88,PCem,3,2017,1,1,1.5816960350504332,304.20925606585723,0.1255242548748159,0.0155092135768873,0.2337260053492897,0.0002988672735114,0
306,20492,2021,88,APse,9,2017,1,1,1.5731369441107643,268.20617270601986,0.1355392439473624,0.0315604630560564,0.042477598408241,0.0002606523922064,0
307,20454,2021,91,PCem,3,2016,1,1,1.737045875195658,319.7022151335843,0.1591026444155137,0.0196129042135969,0.2864915931194396,0.0003788158200369,0
308,20459,2021,91,AInc,11,2016,1,2,1.7357278989984488,352.72673672984985,0.375581389069751,0.0872797413513031,0.2040331921821798,0.0008346253090438,0
309,9831,2021,94,PAbi,2,2015,1,1,21.4619964835239,2075.354371591792,150.1593500976568,13.787589579816316,12.12754976974098,0.375398375244142,0
310,20527,2021,96,APse,9,2018,1,1,1.534887456266057,264.6100527616694,0.1272983112966095,0.029655521965928,0.0400416238572698,0.0002448044448011,0
311,20530,2021,96,SAuc,26,2018,1,1,1.406705599997784,300.696599864182,0.1495460029459643,0.0348934605662325,0.0534418985812061,0.000233665629603,0
312,20531,2021,96,SAuc,26,2018,1,2,1.4277978355503165,302.85292753302434,0.3103380807826807,0.0723921228380255,0.1113103649292219,0.0004849032512229,0
313,11200,2021,107,PAbi,2,2015,1,1,55.86617002188913,3960.827560434098,1941.796034333558,111.43591275814752,52.845474818456246,4.854490085833895,0
314,20406,2021,113,APse,9,2015,1,1,1.6529550861103128,276.02249421490234,0.1540032235908843,0.0358246019622623,0.0400624212132429,0.000296160045367,0
315,20474,2021,117,TCor,27,2016,1,7,1.434573541961281,286.3504236873365,0.6965781458650575,0.1624762155210543,0.2344100623418232,0.0016199491764303,0
316,20477,2021,118,SAuc,26,2016,1,2,1.5336766236811126,316.4382097757704,0.3741333050057065,0.0871597105333097,0.1000782594212523,0.0005845832890714,0
317,20537,2021,121,SAuc,26,2018,1,1,1.3522950511168843,294.73092995471404,0.1354591953428734,0.0316278237791176,0.0437750714039806,0.0002116549927232,0
318,20496,2021,126,PAbi,2,2017,1,1,1.947149036277322,347.71493391872366,0.2070816461079374,0.025448166956715,0.3188998652961015,0.0005177041152698,0
319,20500,2021,126,SAuc,26,2017,1,1,1.409147691550192,301.70398030702046,0.1505684315660236,0.0351309647306126,0.0489146273701193,0.0002352631743219,0
320,20502,2021,126,TCor,27,2017,1,7,1.4075693559801463,283.5659745820381,0.6640795491578471,0.1549475492356804,0.228660843089645,0.0015443710445531,0
321,20484,2021,129,SAuc,26,2016,1,1,1.6505828813646244,328.253706527551,0.2247626643490559,0.0522863603570948,0.0674926727785454,0.0003511916630453,0
322,20485,2021,129,SAuc,26,2016,1,1,1.5348705336944293,315.6436339955159,0.1868875590403316,0.0435374924565138,0.0596260371954801,0.0002920118110005,0
323,20577,2021,129,SAuc,26,2020,1,1,1.0972902907213522,264.9780932895813,0.0801849574696853,0.0187811575250275,0.0315753107410443,0.0001252889960463,0
324,20578,2021,129,SAuc,26,2020,1,1,1.2431069751786774,281.43229096444844,0.1093026754131283,0.0255550785047022,0.0420319255399496,0.000170785430333,0
325,20579,2021,154,AAlb,0,2020,1,1,1.5481329058586346,230.4627860562133,0.0867635210454991,0.0107254320147878,0.2719257698977504,0.0002169088026137,0
326,20583,2021,154,AInc,11,2020,1,1,1.0187793878063158,267.1012234497736,0.0489901282102661,0.0114857690116941,0.0516952739559984,0.0001088669515783,0
327,20587,2021,154,UGla,29,2020,1,1,1.4049335934638156,282.00689638767176,0.1224106589597766,0.0285626147789616,0.0450881443700852,0.0002185904624281,0
328,16178,2021,157,PAbi,2,2015,1,1,23.393026403060617,2206.690021750135,189.68545482130077,16.920985526938363,16.980455278451196,0.4742136370532517,0
329,16236,2021,158,PAbi,2,2015,1,1,18.59724296889895,1859.629088766468,101.0283681322776,9.683203988821596,7.571055246651664,0.252570920330694,0
330,17284,2021,168,PAbi,2,2015,1,1,22.63738620590387,2145.0657712579145,172.66847380660963,15.577966805403909,17.585526601674232,0.4316711845165241,0
331,20547,2021,168,PAbi,2,2019,1,1,1.3887456263453115,286.425581975577,0.0867714969141801,0.0107517201053785,0.2048838074106838,0.0002169287422854,0
332,20553,2021,168,AInc,11,2019,1,1,1.4095527747448446,314.49245030969456,0.1104193802876754,0.0257631691440972,0.0831066390224308,0.0002453764006392,0
333,20558,2021,168,SAuc,26,2019,1,3,1.4939732008333215,309.332655383535,0.5205620431314735,0.1213317309060049,0.2087910189585429,0.0008133781923929,0
334,20559,2021,168,SAuc,26,2019,1,1,1.343518671510346,292.7897978585128,0.1328260361167021,0.0310163778296734,0.0573349630036008,0.0002075406814323,0
335,20512,2021,175,AGlu,10,2017,1,3,1.3787676209993112,297.75535052823415,0.3000788454832065,0.0700413185546479,0.1960546515546503,0.0006668418788515,0
336,20514,2021,175,SAuc,26,2017,1,2,1.4631423016724814,307.0859501418268,0.3304478537880513,0.0770495116886702,0.117514796250876,0.0005163247715438,0
337,20515,2021,175,TCor,27,2017,1,2,1.2587392616376034,268.19076237323543,0.1435072059644221,0.0335456535330434,0.0602273129203238,0.0003337376882893,0
338,20591,2021,187,PAbi,2,2020,1,1,1.352754776443755,281.7056454064739,0.0809754890344272,0.0100388845134115,0.1918169624311119,0.000202438722586,0
339,20592,2021,187,AGlu,10,2020,1,1,1.2355989266321243,281.4003681068993,0.0759192843189522,0.0177516539541282,0.054810952599293,0.0001687095207087,0
340,20593,2021,187,AInc,11,2020,1,2,1.2558301354436805,296.1930857245194,0.1650969735331027,0.0385937757438918,0.1276382238958062,0.0003668821634068,0
341,20596,2021,187,PMen,30,2020,1,1,1.2279858033164797,295.7149292381948,0.0700454322279257,0.0086998639899578,0.0418667095790007,0.0001751135805698,0
342,20420,2021,197,AInc,11,2015,1,5,1.6607603314566528,346.3956142349607,0.8441676674768877,0.1963534626935705,0.381727554386547,0.0018759281499486,0
343,20388,2022,1,PAbi,2,2015,1,2,2.2186716822554526,379.880651546938,0.5874665289103636,0.0719040294137578,0.7128338230381814,0.0014686663222759,0
344,20390,2022,1,PCem,3,2015,1,1,1.8939746492991287,337.74561964747,0.1998238051217313,0.0245755775342739,0.2650766209242317,0.0004757709645755,0
345,754,2022,7,PAbi,2,2015,1,1,13.559698690107878,1449.8177326182197,41.87293111550774,4.328132260008895,6.08399034184836,0.1046823277887693,0
346,956,2022,9,PAbi,2,2015,1,1,39.26859754057483,3175.845462595715,769.2544553710713,54.4016947874986,33.490221767357404,1.9231361384276784,0
347,20541,2022,10,FExc,18,2019,1,8,1.511829388115881,292.7490564257217,1.1981902982909336,0.2792107401784295,0.5247215766631039,0.0021020882426156,0
348,20545,2022,10,UGla,29,2019,1,8,1.2752559011661002,269.66179223253084,0.7715285474026178,0.1803125428542463,0.2206094866313606,0.0013777295489332,0
349,20423,2022,11,PAbi,2,2016,1,1,2.335994348590651,387.7548473874041,0.3323691361001728,0.0406103424900854,0.4706215540611325,0.0008309228402504,0
350,20427,2022,11,AInc,11,2016,1,1,1.5878675643403184,337.7917883795546,0.1505046929453706,0.0350388276578041,0.0814364669019336,0.0003344548732119,0
351,20433,2022,11,SAuc,26,2016,1,1,1.866391985625543,351.05365094110635,0.3073399919348922,0.0713068446664566,0.0831341847636712,0.0004802187373982,0
352,1274,2022,12,PAbi,2,2015,1,1,18.32201311541537,1838.0177301685865,96.9205684882185,9.32789202932564,9.023404218245007,0.2423014212205462,0
353,20438,2022,25,PAbi,2,2016,1,1,2.379664641027161,390.5559561474697,0.3474038743449625,0.0424199233259954,0.502709508535542,0.0008685096858623,0
354,2806,2022,27,PAbi,2,2015,1,1,56.577036613897256,3968.5070050548734,1995.3882974665205,113.68289633937424,62.45180711562418,4.9884707436663005,0
355,2889,2022,28,PAbi,2,2015,1,1,53.52686820324716,3837.889582726888,1727.2532595015164,101.65495744165769,52.00407767055092,4.318133148753791,0
356,2890,2022,28,PAbi,2,2015,1,1,37.51759053262296,3102.2492662604027,685.9089124152746,49.72532690099446,30.516312666966744,1.7147722810381865,0
357,2891,2022,28,PAbi,2,2015,1,1,41.97738855925573,3336.101086739449,923.4000917765092,62.88811456092756,36.11626019685072,2.308500229441273,0
358,2892,2022,28,PAbi,2,2015,1,1,51.33947113528012,3763.507412592843,1558.172136246512,94.0446235252055,48.84911871226685,3.89543034061628,0
359,2893,2022,28,PAbi,2,2015,1,1,36.68971264078312,3059.5401821295254,646.9409753890156,47.45828640418899,29.51182810683112,1.617352438472539,0
360,2895,2022,28,PAbi,2,2015,1,1,43.52717542413705,3406.5804037919684,1013.8168202194346,67.60314665418684,38.13470365075175,2.5345420505485867,0
361,2896,2022,28,PAbi,2,2015,1,1,14.060527218214755,1489.6909949594478,46.26145419885114,4.746005269425285,6.949424561211408,0.1156536354971278,0
362,20449,2022,43,PAbi,2,2016,1,1,1.9303813059663768,348.5926580618252,0.2040442304900329,0.025081120861673,0.2507864171596132,0.000510110576225,0
363,20450,2022,43,APse,9,2016,1,2,1.6587847459283545,275.6987157710612,0.3098189901736727,0.0720656721678366,0.0771118041668837,0.0005958057503339,0
364,5072,2022,48,PAbi,2,2015,1,1,29.560184146075365,2629.105149169776,360.86279050649904,29.370358027095524,21.71782473931477,0.9021569762662476,0
365,20520,2022,50,AInc,11,2018,1,2,1.5846733215830455,336.8341117846395,0.2989495850889492,0.0696008530488208,0.1669403321453448,0.0006643324113087,0
366,20521,2022,50,SAuc,26,2018,1,3,1.6003316448005798,322.78801029682234,0.6233019639040016,0.1450879580245745,0.1844014899150554,0.0009739093186,0
367,20522,2022,50,SAuc,26,2018,1,1,1.6757273361346414,330.732951583686,0.2334124596314932,0.0542817586425368,0.0674989660168332,0.0003647069681742,0
368,20605,2022,60,APla,8,2021,1,1,1.3867610579156753,266.1371809526857,0.1045134193796206,0.0243920417347323,0.036535087492431,0.0002009873449608,0
369,20609,2022,60,AInc,11,2021,1,1,1.224380896926339,292.3964247700262,0.0774600097938034,0.0181144215728827,0.069904505184646,0.0001721333550973,0
370,20612,2022,60,CAve,16,2021,1,1,1.2442496876080162,274.4212298099588,0.0967655270245209,0.0226235608198405,0.0312323337605,0.0001668371155595,0
371,6477,2022,61,PAbi,2,2015,1,1,51.80491825103043,3762.848718315386,1586.275515091154,95.21733905597723,53.998850417051806,3.965688787727885,0
372,20621,2022,64,PAbi,2,2021,1,1,1.5840635473580962,306.0810274497818,0.1206428220754696,0.0149055638963201,0.2696916413487367,0.0003016070551886,0
373,20573,2022,71,SAuc,26,2020,1,2,1.3212301048340207,290.8239334570398,0.2551860449049972,0.0596052188241302,0.0969139263972813,0.000398728195164,0
374,20402,2022,76,SAuc,26,2015,1,3,1.7183422608858634,333.6214666674431,0.7427359482854117,0.1726381106629129,0.2458632168489356,0.0011605249191959,0
375,20456,2022,91,APse,9,2016,1,1,2.0920719985654785,310.15432724950966,0.277200703087864,0.0641363830922499,0.069602108499835,0.0005330782751689,0
376,20459,2022,91,AInc,11,2016,1,1,1.844315774319956,365.84393100311854,0.2199068795010275,0.0510350676757758,0.1079257360549759,0.0004886819544467,0
377,20461,2022,91,PTre,20,2016,1,1,2.8114544241836543,482.4011018551803,0.5240808809840898,0.1201978653645384,0.2223424026519926,0.0014973739456688,0
378,20462,2022,91,SAlb,24,2016,1,2,1.6210845518066206,342.9021365184758,0.2477076682309751,0.0576449632707604,0.1369221134765312,0.0007077361949456,0
379,20464,2022,91,SAuc,26,2016,1,1,1.9363879397816104,358.1660915352651,0.3375274245670994,0.0782434681259345,0.0894671277290668,0.000527386600886,0
380,20465,2022,91,SAuc,26,2016,1,1,1.6190369977303969,325.1244510776834,0.214191897447972,0.049846641253932,0.0643350116155907,0.0003346748397624,0
381,20530,2022,96,SAuc,26,2018,1,3,1.4851533184362813,309.99965078144345,0.5155430053431607,0.120174965997901,0.1666797024984774,0.0008055359458486,0
382,20531,2022,96,SAuc,26,2018,1,2,1.5097974535770091,312.51510539577134,0.3580785005444697,0.0834440629973822,0.1161068470136941,0.0005594976571007,0
383,20407,2022,113,SAuc,26,2015,1,1,1.554710223923392,319.96545810810744,0.1943756529737674,0.0452708595189623,0.0501395783173734,0.0003037119577715,0
384,20412,2022,115,AInc,11,2015,1,1,1.7390408500807155,356.8097506757511,0.1906903346371615,0.0443119005607565,0.0884096478780011,0.0004237562991936,0
385,20471,2022,117,PAbi,2,2016,1,1,1.6962177146877269,323.7933762187623,0.1463359483050679,0.0180500224635123,0.2287648085931461,0.0003658398707626,0
386,20474,2022,117,TCor,27,2016,1,8,1.4560717587301069,288.67586398987453,0.8267883714168365,0.1927965134361989,0.2717959076143345,0.0019227636544577,0
387,20535,2022,121,PCem,3,2018,1,1,1.6096675871780224,307.23111272728806,0.1312945708422628,0.0162154604285396,0.2097681252967849,0.000312606121053,0
388,20496,2022,126,PAbi,2,2017,1,1,2.1307938150227788,368.238266676226,0.2626223297429124,0.0321859647114564,0.3584594219909327,0.0006565558243572,0
389,20500,2022,126,SAuc,26,2017,1,2,1.4782393679852208,310.06556713766025,0.3405751243946762,0.0793960775306741,0.1022769784215356,0.0005321486318666,0
390,20479,2022,129,PAbi,2,2016,1,1,1.9258372640311112,346.87965809076803,0.2020867693692194,0.0248421795146444,0.2795841680438151,0.000505216923423,0
391,20480,2022,129,PCem,3,2016,1,1,1.830939968663236,330.2612550774507,0.1826059875020789,0.0224789717835516,0.2755745972661643,0.0004347761607192,0
392,20484,2022,129,SAuc,26,2016,1,3,1.7559483177783486,340.2552937562124,0.7910236419707228,0.1837768864975886,0.2208015061394972,0.0012359744405792,0
393,20577,2022,129,SAuc,26,2020,1,2,1.1532050114977166,271.9685258127872,0.1818032089880024,0.0425530417078452,0.0677012375404522,0.0002840675140437,0
394,20578,2022,129,SAuc,26,2020,1,1,1.3171948110394407,290.4407518737287,0.1266477371131276,0.0295832877736701,0.0439756160139239,0.0001978870892392,0
395,20584,2022,154,CAve,16,2020,1,1,1.3154976112243837,281.6085248747579,0.1109976552040654,0.0259281726094092,0.0392976579002985,0.0001913752675932,0
396,17196,2022,167,PAbi,2,2015,1,1,39.9956316187043,3233.7462984442404,812.5515833468605,56.8805260400367,31.519377232021093,2.031378958367151,0
397,20546,2022,168,PAbi,2,2019,1,1,1.467643581060072,295.6565758673337,0.1000342265994449,0.0123806373485312,0.2035415299677812,0.0002500855664986,0
398,20547,2022,168,PAbi,2,2019,1,1,1.599657975564832,309.27150157728755,0.1243122855514551,0.015355389658224,0.2532878067044475,0.0003107807138786,0
399,20551,2022,168,APse,9,2019,1,1,1.4151273038050314,254.7263320276397,0.1041665048107471,0.0243025702613624,0.0339960438332278,0.0002003202015591,0
400,20553,2022,168,AInc,11,2019,1,2,1.528823915511325,328.5266036976262,0.2713862716936743,0.0632270981288447,0.1862311360048441,0.0006030806037637,0
