# 23.05.2012/SH / 16.08.2007/VE;;;;;;;;;;;;;
# File mit Baumliste für Sortimentssimulator;;;;;;;;;;;;;
# ========================================================;;;;;;;;;;;;;
# ;;;;;;;;;;;;;
# ;;;;;;;;;;;;;
# Files beginnend mit # gelten als Kommentarzeilen;;;;;;;;;;;;;
#ID;Baumart;Baumart (Code entsprechend verwendeter Schaftformfunktion, z. B. Lemm1991); Beschrieb;Aufnahme-Datum;BHD;D7m; SchaftLaenge_m;;;;;;
1;1911_1;100;1911_1;1911;78.8;0;38;;;;;; 
2;1911_2;100;1911_2;1911;58;0;35.4;;;;;; 
3;1911_3;100;1911_3;1911;47.1;0;33.2;;;;;; 
4;1911_4;100;1911_4;1911;45;0;32.7;;;;;; 
5;1911_5;100;1911_5;1911;38.6;0;30.9;;;;;; 
6;1911_6;100;1911_6;1911;36.4;0;30.1;;;;;; 
7;1911_7;100;1911_7;1911;33;0;28.8;;;;;; 
8;1911_8;100;1911_8;1911;31.2;0;28;;;;;; 
9;1911_9;100;1911_9;1911;30.4;0;27.7;;;;;; 
10;1911_10;100;1911_10;1911;27.1;0;26;;;;;; 
11;1911_11;100;1911_11;1911;25.2;0;24.9;;;;;; 
12;1911_12;100;1911_12;1911;24.1;0;24.2;;;;;; 
13;1911_13;100;1911_13;1911;23.8;0;24;;;;;; 
14;1911_14;100;1911_14;1911;22.6;0;23.2;;;;;; 
15;1911_15;100;1911_15;1911;22.4;0;23;;;;;; 
16;1911_16;100;1911_16;1911;22.2;0;22.9;;;;;; 
17;1911_17;100;1911_17;1911;21;0;22;;;;;; 
18;1911_18;100;1911_18;1911;20.1;0;21.3;;;;;; 
19;1911_19;100;1911_19;1911;20;0;21.2;;;;;; 
20;1911_20;100;1911_20;1911;19.4;0;20.7;;;;;; 
21;1911_21;100;1911_21;1911;18.9;0;20.3;;;;;; 
22;1911_22;100;1911_22;1911;18.4;0;19.8;;;;;; 
23;1911_23;100;1911_23;1911;18.1;0;19.6;;;;;; 
24;1911_24;100;1911_24;1911;16.4;0;17.9;;;;;; 
25;1911_25;100;1911_25;1911;16.2;0;17.7;;;;;; 
26;1911_26;101;1911_26;1911;70.5;0;34.2;;;;;; 
27;1911_27;101;1911_27;1911;63;0;33.3;;;;;; 
28;1911_28;101;1911_28;1911;58.9;0;32.7;;;;;; 
29;1911_29;101;1911_29;1911;58.2;0;32.6;;;;;; 
30;1911_30;101;1911_30;1911;57.6;0;32.5;;;;;; 
31;1911_31;101;1911_31;1911;56.4;0;32.3;;;;;; 
32;1911_32;101;1911_32;1911;54.9;0;32.1;;;;;; 
33;1911_33;101;1911_33;1911;51.1;0;31.4;;;;;; 
34;1911_34;101;1911_34;1911;51;0;31.4;;;;;; 
35;1911_35;101;1911_35;1911;50.3;0;31.2;;;;;; 
36;1911_36;101;1911_36;1911;49.6;0;31.1;;;;;; 
37;1911_37;101;1911_37;1911;49.1;0;31;;;;;; 
38;1911_38;101;1911_38;1911;49.1;0;31;;;;;; 
39;1911_39;101;1911_39;1911;49;0;31;;;;;; 
40;1911_40;101;1911_40;1911;48.5;0;30.9;;;;;; 
41;1911_41;101;1911_41;1911;48.5;0;30.9;;;;;; 
42;1911_42;101;1911_42;1911;47.1;0;30.6;;;;;; 
43;1911_43;101;1911_43;1911;46.4;0;30.4;;;;;; 
44;1911_44;101;1911_44;1911;45.4;0;30.2;;;;;; 
45;1911_45;101;1911_45;1911;44.7;0;30;;;;;; 
46;1911_46;101;1911_46;1911;44.2;0;29.9;;;;;; 
47;1911_47;101;1911_47;1911;44;0;29.8;;;;;; 
48;1911_48;101;1911_48;1911;43.8;0;29.8;;;;;; 
49;1911_49;101;1911_49;1911;43.3;0;29.7;;;;;; 
50;1911_50;101;1911_50;1911;42.9;0;29.6;;;;;; 
51;1911_51;101;1911_51;1911;42.5;0;29.5;;;;;; 
52;1911_52;101;1911_52;1911;41.9;0;29.3;;;;;; 
53;1911_53;101;1911_53;1911;40.4;0;28.9;;;;;; 
54;1911_54;101;1911_54;1911;39.2;0;28.6;;;;;; 
55;1911_55;101;1911_55;1911;36.8;0;27.8;;;;;; 
56;1911_56;101;1911_56;1911;35.7;0;27.5;;;;;; 
57;1911_57;101;1911_57;1911;34.6;0;27.1;;;;;; 
58;1911_58;101;1911_58;1911;33;0;26.5;;;;;; 
59;1911_59;101;1911_59;1911;32;0;26.1;;;;;; 
60;1911_60;101;1911_60;1911;31.8;0;26;;;;;; 
61;1911_61;101;1911_61;1911;31;0;25.7;;;;;; 
62;1911_62;101;1911_62;1911;30.5;0;25.5;;;;;; 
63;1911_63;101;1911_63;1911;29.9;0;25.2;;;;;; 
64;1911_64;101;1911_64;1911;29.7;0;25.1;;;;;; 
65;1911_65;101;1911_65;1911;29.1;0;24.9;;;;;; 
66;1911_66;101;1911_66;1911;28.4;0;24.5;;;;;; 
67;1911_67;101;1911_67;1911;27.4;0;24;;;;;; 
68;1911_68;101;1911_68;1911;25.9;0;23.3;;;;;; 
69;1911_69;101;1911_69;1911;25.4;0;23;;;;;; 
70;1911_70;101;1911_70;1911;24.9;0;22.7;;;;;; 
71;1911_71;101;1911_71;1911;24.6;0;22.5;;;;;; 
72;1911_72;101;1911_72;1911;24.2;0;22.3;;;;;; 
73;1911_73;101;1911_73;1911;24;0;22.2;;;;;; 
74;1911_74;101;1911_74;1911;23.9;0;22.1;;;;;; 
75;1911_75;101;1911_75;1911;23.2;0;21.7;;;;;; 
76;1911_76;101;1911_76;1911;23.1;0;21.6;;;;;; 
77;1911_77;101;1911_77;1911;23.1;0;21.6;;;;;; 
78;1911_78;101;1911_78;1911;22.6;0;21.3;;;;;; 
79;1911_79;101;1911_79;1911;22.3;0;21.1;;;;;; 
80;1911_80;101;1911_80;1911;21.8;0;20.8;;;;;; 
81;1911_81;101;1911_81;1911;21.6;0;20.6;;;;;; 
82;1911_82;101;1911_82;1911;20.9;0;20.2;;;;;; 
83;1911_83;101;1911_83;1911;20.7;0;20;;;;;; 
84;1911_84;101;1911_84;1911;20.5;0;19.9;;;;;; 
85;1911_85;101;1911_85;1911;20.2;0;19.6;;;;;; 
86;1911_86;101;1911_86;1911;19.9;0;19.4;;;;;; 
87;1911_87;101;1911_87;1911;19.9;0;19.4;;;;;; 
88;1911_88;101;1911_88;1911;19.7;0;19.3;;;;;; 
89;1911_89;101;1911_89;1911;19.8;0;19.3;;;;;; 
90;1911_90;101;1911_90;1911;19.4;0;19;;;;;; 
91;1911_91;101;1911_91;1911;19.3;0;19;;;;;; 
92;1911_92;101;1911_92;1911;19.2;0;18.9;;;;;; 
93;1911_93;101;1911_93;1911;19.1;0;18.8;;;;;; 
94;1911_94;101;1911_94;1911;18.9;0;18.6;;;;;; 
95;1911_95;101;1911_95;1911;18.7;0;18.5;;;;;; 
96;1911_96;101;1911_96;1911;18.5;0;18.3;;;;;; 
97;1911_97;101;1911_97;1911;18.1;0;18;;;;;; 
98;1911_98;101;1911_98;1911;18.1;0;18;;;;;; 
99;1911_99;101;1911_99;1911;17.5;0;17.5;;;;;; 
100;1911_100;101;1911_100;1911;17.1;0;17.1;;;;;; 
101;1911_101;101;1911_101;1911;17.1;0;17.1;;;;;; 
102;1911_102;101;1911_102;1911;16.8;0;16.9;;;;;; 
103;1911_103;101;1911_103;1911;16.8;0;16.9;;;;;; 
104;1911_104;101;1911_104;1911;16.6;0;16.7;;;;;; 
105;1911_105;101;1911_105;1911;16.5;0;16.6;;;;;; 
106;1911_106;101;1911_106;1911;16.4;0;16.5;;;;;; 
107;1911_107;101;1911_107;1911;16.3;0;16.4;;;;;; 
108;1911_108;101;1911_108;1911;16;0;16.1;;;;;; 
109;1911_109;200;1911_109;1911;46.2;0;0;;;;;; 
110;1911_110;200;1911_110;1911;33.9;0;0;;;;;; 
111;1917_111;100;1917_111;1917;31;0;26.5;;;;;; 
112;1917_112;100;1917_112;1917;30;0;25.9;;;;;; 
113;1917_113;100;1917_113;1917;29.4;0;25.6;;;;;; 
114;1917_114;100;1917_114;1917;29.3;0;25.5;;;;;; 
115;1917_115;100;1917_115;1917;28.5;0;25;;;;;; 
116;1917_116;100;1917_116;1917;27.5;0;24.4;;;;;; 
117;1917_117;100;1917_117;1917;27.2;0;24.2;;;;;; 
118;1917_118;100;1917_118;1917;27.2;0;24.2;;;;;; 
119;1917_119;100;1917_119;1917;27.1;0;24.2;;;;;; 
120;1917_120;100;1917_120;1917;26.5;0;23.8;;;;;; 
121;1917_121;100;1917_121;1917;25.5;0;23.1;;;;;; 
122;1917_122;100;1917_122;1917;25.3;0;23;;;;;; 
123;1917_123;100;1917_123;1917;24.4;0;22.3;;;;;; 
124;1917_124;100;1917_124;1917;24.1;0;22.1;;;;;; 
125;1917_125;100;1917_125;1917;22.7;0;21.1;;;;;; 
126;1917_126;100;1917_126;1917;22.5;0;20.9;;;;;; 
127;1917_127;100;1917_127;1917;22.6;0;21;;;;;; 
128;1917_128;100;1917_128;1917;22.6;0;21;;;;;; 
129;1917_129;100;1917_129;1917;21.9;0;20.4;;;;;; 
130;1917_130;100;1917_130;1917;21.4;0;20;;;;;; 
131;1917_131;100;1917_131;1917;20.8;0;19.5;;;;;; 
132;1917_132;100;1917_132;1917;20.8;0;19.5;;;;;; 
133;1917_133;100;1917_133;1917;20.3;0;19;;;;;; 
134;1917_134;100;1917_134;1917;20.1;0;18.9;;;;;; 
135;1917_135;100;1917_135;1917;19.9;0;18.7;;;;;; 
136;1917_136;100;1917_136;1917;19.1;0;18;;;;;; 
137;1917_137;100;1917_137;1917;18.3;0;17.2;;;;;; 
138;1917_138;100;1917_138;1917;17.9;0;16.8;;;;;; 
139;1917_139;100;1917_139;1917;17.6;0;16.5;;;;;; 
140;1917_140;100;1917_140;1917;17.4;0;16.3;;;;;; 
141;1917_141;100;1917_141;1917;17.3;0;16.2;;;;;; 
142;1917_142;100;1917_142;1917;17.1;0;16;;;;;; 
143;1917_143;100;1917_143;1917;17;0;15.9;;;;;; 
144;1917_144;100;1917_144;1917;16.8;0;15.7;;;;;; 
145;1917_145;100;1917_145;1917;16.4;0;15.3;;;;;; 
146;1917_146;100;1917_146;1917;16.4;0;15.3;;;;;; 
147;1917_147;100;1917_147;1917;16.3;0;15.1;;;;;; 
148;1917_148;100;1917_148;1917;16.2;0;15;;;;;; 
149;1917_149;101;1917_149;1917;77.4;0;33.3;;;;;; 
150;1917_150;101;1917_150;1917;65.8;0;32;;;;;; 
151;1917_151;101;1917_151;1917;63.1;0;31.6;;;;;; 
152;1917_152;101;1917_152;1917;62.5;0;31.5;;;;;; 
153;1917_153;101;1917_153;1917;61.8;0;31.4;;;;;; 
154;1917_154;101;1917_154;1917;58.5;0;30.9;;;;;; 
155;1917_155;101;1917_155;1917;58.1;0;30.9;;;;;; 
156;1917_156;101;1917_156;1917;57.8;0;30.8;;;;;; 
157;1917_157;101;1917_157;1917;56;0;30.5;;;;;; 
158;1917_158;101;1917_158;1917;55.5;0;30.5;;;;;; 
159;1917_159;101;1917_159;1917;53.9;0;30.2;;;;;; 
160;1917_160;101;1917_160;1917;53.2;0;30;;;;;; 
161;1917_161;101;1917_161;1917;53;0;30;;;;;; 
162;1917_162;101;1917_162;1917;52.8;0;30;;;;;; 
163;1917_163;101;1917_163;1917;52.1;0;29.8;;;;;; 
164;1917_164;101;1917_164;1917;51.4;0;29.7;;;;;; 
165;1917_165;101;1917_165;1917;51.3;0;29.7;;;;;; 
166;1917_166;101;1917_166;1917;50.6;0;29.5;;;;;; 
167;1917_167;101;1917_167;1917;50.5;0;29.5;;;;;; 
168;1917_168;101;1917_168;1917;50.5;0;29.5;;;;;; 
169;1917_169;101;1917_169;1917;49.9;0;29.4;;;;;; 
170;1917_170;101;1917_170;1917;49.4;0;29.3;;;;;; 
171;1917_171;101;1917_171;1917;49.4;0;29.3;;;;;; 
172;1917_172;101;1917_172;1917;48.1;0;29;;;;;; 
173;1917_173;101;1917_173;1917;48;0;29;;;;;; 
174;1917_174;101;1917_174;1917;47.9;0;29;;;;;; 
175;1917_175;101;1917_175;1917;47.8;0;29;;;;;; 
176;1917_176;101;1917_176;1917;47.6;0;28.9;;;;;; 
177;1917_177;101;1917_177;1917;47;0;28.8;;;;;; 
178;1917_178;101;1917_178;1917;47;0;28.8;;;;;; 
179;1917_179;101;1917_179;1917;46.9;0;28.8;;;;;; 
180;1917_180;101;1917_180;1917;44.6;0;28.2;;;;;; 
181;1917_181;101;1917_181;1917;44;0;28.1;;;;;; 
182;1917_182;101;1917_182;1917;43.9;0;28;;;;;; 
183;1917_183;101;1917_183;1917;43.8;0;28;;;;;; 
184;1917_184;101;1917_184;1917;43.8;0;28;;;;;; 
185;1917_185;101;1917_185;1917;43.4;0;27.9;;;;;; 
186;1917_186;101;1917_186;1917;43.1;0;27.8;;;;;; 
187;1917_187;101;1917_187;1917;42.2;0;27.6;;;;;; 
188;1917_188;101;1917_188;1917;41.8;0;27.5;;;;;; 
189;1917_189;101;1917_189;1917;41.8;0;27.5;;;;;; 
190;1917_190;101;1917_190;1917;41.5;0;27.4;;;;;; 
191;1917_191;101;1917_191;1917;41.5;0;27.4;;;;;; 
192;1917_192;101;1917_192;1917;41.4;0;27.4;;;;;; 
193;1917_193;101;1917_193;1917;40.9;0;27.2;;;;;; 
194;1917_194;101;1917_194;1917;41;0;27.3;;;;;; 
195;1917_195;101;1917_195;1917;40.7;0;27.2;;;;;; 
196;1917_196;101;1917_196;1917;40.4;0;27.1;;;;;; 
197;1917_197;101;1917_197;1917;39.8;0;26.9;;;;;; 
198;1917_198;101;1917_198;1917;37.9;0;26.3;;;;;; 
199;1917_199;101;1917_199;1917;37.7;0;26.3;;;;;; 
200;1917_200;101;1917_200;1917;37.8;0;26.3;;;;;; 
201;1917_201;101;1917_201;1917;37.4;0;26.2;;;;;; 
202;1917_202;101;1917_202;1917;37;0;26;;;;;; 
203;1917_203;101;1917_203;1917;37;0;26;;;;;; 
204;1917_204;101;1917_204;1917;36.5;0;25.9;;;;;; 
205;1917_205;101;1917_205;1917;36.4;0;25.8;;;;;; 
206;1917_206;101;1917_206;1917;36.3;0;25.8;;;;;; 
207;1917_207;101;1917_207;1917;36.1;0;25.7;;;;;; 
208;1917_208;101;1917_208;1917;35.8;0;25.6;;;;;; 
209;1917_209;101;1917_209;1917;35.5;0;25.5;;;;;; 
210;1917_210;101;1917_210;1917;35.1;0;25.4;;;;;; 
211;1917_211;101;1917_211;1917;34.8;0;25.3;;;;;; 
212;1917_212;101;1917_212;1917;34.5;0;25.2;;;;;; 
213;1917_213;101;1917_213;1917;33.5;0;24.8;;;;;; 
214;1917_214;101;1917_214;1917;33.2;0;24.7;;;;;; 
215;1917_215;101;1917_215;1917;33.1;0;24.7;;;;;; 
216;1917_216;101;1917_216;1917;32.5;0;24.4;;;;;; 
217;1917_217;101;1917_217;1917;32.3;0;24.3;;;;;; 
218;1917_218;101;1917_218;1917;32.2;0;24.3;;;;;; 
219;1917_219;101;1917_219;1917;32.1;0;24.3;;;;;; 
220;1917_220;101;1917_220;1917;32.1;0;24.3;;;;;; 
221;1917_221;101;1917_221;1917;31.9;0;24.2;;;;;; 
222;1917_222;101;1917_222;1917;31.8;0;24.1;;;;;; 
223;1917_223;101;1917_223;1917;31.6;0;24;;;;;; 
224;1917_224;101;1917_224;1917;31.5;0;24;;;;;; 
225;1917_225;101;1917_225;1917;31.2;0;23.9;;;;;; 
226;1917_226;101;1917_226;1917;31.1;0;23.8;;;;;; 
227;1917_227;101;1917_227;1917;30.9;0;23.8;;;;;; 
228;1917_228;101;1917_228;1917;30.4;0;23.5;;;;;; 
229;1917_229;101;1917_229;1917;30.1;0;23.4;;;;;; 
230;1917_230;101;1917_230;1917;29.6;0;23.2;;;;;; 
231;1917_231;101;1917_231;1917;29.2;0;23;;;;;; 
232;1917_232;101;1917_232;1917;28.6;0;22.7;;;;;; 
233;1917_233;101;1917_233;1917;28.4;0;22.6;;;;;; 
234;1917_234;101;1917_234;1917;28.3;0;22.6;;;;;; 
235;1917_235;101;1917_235;1917;27.9;0;22.4;;;;;; 
236;1917_236;101;1917_236;1917;27.7;0;22.3;;;;;; 
237;1917_237;101;1917_237;1917;27.3;0;22.1;;;;;; 
238;1917_238;101;1917_238;1917;27.2;0;22;;;;;; 
239;1917_239;101;1917_239;1917;27.2;0;22;;;;;; 
240;1917_240;101;1917_240;1917;26.9;0;21.9;;;;;; 
241;1917_241;101;1917_241;1917;26.4;0;21.6;;;;;; 
242;1917_242;101;1917_242;1917;26.4;0;21.6;;;;;; 
243;1917_243;101;1917_243;1917;26.3;0;21.6;;;;;; 
244;1917_244;101;1917_244;1917;26.3;0;21.6;;;;;; 
245;1917_245;101;1917_245;1917;24.2;0;20.4;;;;;; 
246;1917_246;101;1917_246;1917;24;0;20.3;;;;;; 
247;1917_247;101;1917_247;1917;23.5;0;20;;;;;; 
248;1917_248;101;1917_248;1917;23.2;0;19.8;;;;;; 
249;1917_249;101;1917_249;1917;23.2;0;19.8;;;;;; 
250;1917_250;101;1917_250;1917;23.1;0;19.7;;;;;; 
251;1917_251;101;1917_251;1917;22.8;0;19.5;;;;;; 
252;1917_252;101;1917_252;1917;22.6;0;19.4;;;;;; 
253;1917_253;101;1917_253;1917;22.2;0;19.1;;;;;; 
254;1917_254;101;1917_254;1917;21.9;0;18.9;;;;;; 
255;1917_255;101;1917_255;1917;21.8;0;18.9;;;;;; 
256;1917_256;101;1917_256;1917;21.6;0;18.7;;;;;; 
257;1917_257;101;1917_257;1917;21.4;0;18.6;;;;;; 
258;1917_258;101;1917_258;1917;21.2;0;18.4;;;;;; 
259;1917_259;101;1917_259;1917;20.8;0;18.2;;;;;; 
260;1917_260;101;1917_260;1917;20.4;0;17.9;;;;;; 
261;1917_261;101;1917_261;1917;20.2;0;17.7;;;;;; 
262;1917_262;101;1917_262;1917;20.1;0;17.7;;;;;; 
263;1917_263;101;1917_263;1917;19.9;0;17.5;;;;;; 
264;1917_264;101;1917_264;1917;19.8;0;17.4;;;;;; 
265;1917_265;101;1917_265;1917;19.4;0;17.1;;;;;; 
266;1917_266;101;1917_266;1917;19.3;0;17.1;;;;;; 
267;1917_267;101;1917_267;1917;18.9;0;16.7;;;;;; 
268;1917_268;101;1917_268;1917;18.2;0;16.2;;;;;; 
269;1917_269;101;1917_269;1917;17.9;0;15.9;;;;;; 
270;1917_270;101;1917_270;1917;17.7;0;15.8;;;;;; 
271;1917_271;101;1917_271;1917;17.5;0;15.6;;;;;; 
272;1917_272;101;1917_272;1917;17.1;0;15.3;;;;;; 
273;1917_273;101;1917_273;1917;16.2;0;14.5;;;;;; 
274;1917_274;101;1917_274;1917;16.2;0;14.5;;;;;; 
275;1917_275;101;1917_275;1917;16.2;0;14.5;;;;;; 
276;1917_276;101;1917_276;1917;16.1;0;14.4;;;;;; 
277;1917_277;101;1917_277;1917;16;0;14.3;;;;;; 
278;1917_278;200;1917_278;1917;65.8;0;0;;;;;; 
279;1923_279;100;1923_279;1923;67.2;0;38.3;;;;;; 
280;1923_280;100;1923_280;1923;62.7;0;37.5;;;;;; 
281;1923_281;100;1923_281;1923;57.5;0;36.5;;;;;; 
282;1923_282;100;1923_282;1923;50.5;0;34.8;;;;;; 
283;1923_283;100;1923_283;1923;37.2;0;30.5;;;;;; 
284;1923_284;100;1923_284;1923;35.8;0;29.9;;;;;; 
285;1923_285;100;1923_285;1923;35;0;29.5;;;;;; 
286;1923_286;100;1923_286;1923;32;0;28;;;;;; 
287;1923_287;100;1923_287;1923;31.2;0;27.6;;;;;; 
288;1923_288;100;1923_288;1923;31.1;0;27.6;;;;;; 
289;1923_289;100;1923_289;1923;28.4;0;26;;;;;; 
290;1923_290;100;1923_290;1923;25.1;0;23.9;;;;;; 
291;1923_291;100;1923_291;1923;21.1;0;20.7;;;;;; 
292;1923_292;100;1923_292;1923;17.4;0;17.2;;;;;; 
293;1923_293;100;1923_293;1923;68.8;0;33.4;;;;;; 
294;1923_294;100;1923_294;1923;68.5;0;33.4;;;;;; 
295;1923_295;100;1923_295;1923;64.7;0;32.9;;;;;; 
296;1923_296;100;1923_296;1923;62.5;0;32.6;;;;;; 
297;1923_297;100;1923_297;1923;61.2;0;32.4;;;;;; 
298;1923_298;100;1923_298;1923;59.5;0;32.1;;;;;; 
299;1923_299;100;1923_299;1923;58.9;0;32;;;;;; 
300;1923_300;100;1923_300;1923;58.6;0;32;;;;;; 
301;1923_301;100;1923_301;1923;58.2;0;31.9;;;;;; 
302;1923_302;100;1923_302;1923;58.1;0;31.9;;;;;; 
303;1923_303;100;1923_303;1923;58;0;31.9;;;;;; 
304;1923_304;100;1923_304;1923;55.4;0;31.4;;;;;; 
305;1923_305;100;1923_305;1923;54.8;0;31.3;;;;;; 
306;1923_306;100;1923_306;1923;54.1;0;31.2;;;;;; 
307;1923_307;100;1923_307;1923;54;0;31.2;;;;;; 
308;1923_308;100;1923_308;1923;53.1;0;31;;;;;; 
309;1923_309;100;1923_309;1923;52.1;0;30.8;;;;;; 
310;1923_310;100;1923_310;1923;48.8;0;30.1;;;;;; 
311;1923_311;100;1923_311;1923;48.4;0;30;;;;;; 
312;1923_312;100;1923_312;1923;48;0;29.9;;;;;; 
313;1923_313;100;1923_313;1923;46.4;0;29.6;;;;;; 
314;1923_314;100;1923_314;1923;45.2;0;29.3;;;;;; 
315;1923_315;100;1923_315;1923;45;0;29.2;;;;;; 
316;1923_316;100;1923_316;1923;43.7;0;28.9;;;;;; 
317;1923_317;100;1923_317;1923;42.8;0;28.7;;;;;; 
318;1923_318;100;1923_318;1923;41;0;28.2;;;;;; 
319;1923_319;100;1923_319;1923;40.5;0;28;;;;;; 
320;1923_320;100;1923_320;1923;40;0;27.9;;;;;; 
321;1923_321;100;1923_321;1923;39.3;0;27.6;;;;;; 
322;1923_322;100;1923_322;1923;39.1;0;27.6;;;;;; 
323;1923_323;100;1923_323;1923;38;0;27.2;;;;;; 
324;1923_324;100;1923_324;1923;36.5;0;26.7;;;;;; 
325;1923_325;100;1923_325;1923;35.1;0;26.2;;;;;; 
326;1923_326;100;1923_326;1923;33.7;0;25.7;;;;;; 
327;1923_327;100;1923_327;1923;32.1;0;25.1;;;;;; 
328;1923_328;100;1923_328;1923;31.8;0;24.9;;;;;; 
329;1923_329;100;1923_329;1923;31.8;0;24.9;;;;;; 
330;1923_330;100;1923_330;1923;30.8;0;24.5;;;;;; 
331;1923_331;100;1923_331;1923;29.4;0;23.8;;;;;; 
332;1923_332;100;1923_332;1923;29;0;23.7;;;;;; 
333;1923_333;100;1923_333;1923;28.6;0;23.5;;;;;; 
334;1923_334;100;1923_334;1923;26.9;0;22.6;;;;;; 
335;1923_335;100;1923_335;1923;26.8;0;22.5;;;;;; 
336;1923_336;100;1923_336;1923;26.3;0;22.3;;;;;; 
337;1923_337;100;1923_337;1923;24.7;0;21.3;;;;;; 
338;1923_338;100;1923_338;1923;20.3;0;18.4;;;;;; 
339;1923_339;100;1923_339;1923;17.1;0;15.8;;;;;; 
340;1929_340;100;1929_340;1929;60.1;0;36.1;;;;;; 
341;1929_341;100;1929_341;1929;45.7;0;32.9;;;;;; 
342;1929_342;100;1929_342;1929;41.5;0;31.6;;;;;; 
343;1929_343;100;1929_343;1929;38.8;0;30.7;;;;;; 
344;1929_344;100;1929_344;1929;34.5;0;29.1;;;;;; 
345;1929_345;100;1929_345;1929;29.6;0;26.7;;;;;; 
346;1929_346;100;1929_346;1929;29.5;0;26.7;;;;;; 
347;1929_347;100;1929_347;1929;28.8;0;26.3;;;;;; 
348;1929_348;100;1929_348;1929;28.9;0;26.3;;;;;; 
349;1929_349;100;1929_349;1929;25.4;0;24.3;;;;;; 
350;1929_350;100;1929_350;1929;20.9;0;21;;;;;; 
351;1929_351;100;1929_351;1929;18.8;0;19.1;;;;;; 
352;1929_352;100;1929_352;1929;17.6;0;18;;;;;; 
353;1929_353;101;1929_353;1929;70.6;0;34.4;;;;;; 
354;1929_354;101;1929_354;1929;68.8;0;34.2;;;;;; 
355;1929_355;101;1929_355;1929;68.8;0;34.2;;;;;; 
356;1929_356;101;1929_356;1929;68.7;0;34.1;;;;;; 
357;1929_357;101;1929_357;1929;68.2;0;34.1;;;;;; 
358;1929_358;101;1929_358;1929;67.4;0;34;;;;;; 
359;1929_359;101;1929_359;1929;65.7;0;33.7;;;;;; 
360;1929_360;101;1929_360;1929;65.2;0;33.7;;;;;; 
361;1929_361;101;1929_361;1929;64.9;0;33.6;;;;;; 
362;1929_362;101;1929_362;1929;63.2;0;33.4;;;;;; 
363;1929_363;101;1929_363;1929;62.5;0;33.3;;;;;; 
364;1929_364;101;1929_364;1929;60.8;0;33;;;;;; 
365;1929_365;101;1929_365;1929;60.2;0;32.9;;;;;; 
366;1929_366;101;1929_366;1929;60.1;0;32.9;;;;;; 
367;1929_367;101;1929_367;1929;59.1;0;32.7;;;;;; 
368;1929_368;101;1929_368;1929;58.4;0;32.6;;;;;; 
369;1929_369;101;1929_369;1929;58.2;0;32.6;;;;;; 
370;1929_370;101;1929_370;1929;56.8;0;32.3;;;;;; 
371;1929_371;101;1929_371;1929;56.6;0;32.3;;;;;; 
372;1929_372;101;1929_372;1929;54.7;0;32;;;;;; 
373;1929_373;101;1929_373;1929;54.3;0;31.9;;;;;; 
374;1929_374;101;1929_374;1929;52.9;0;31.6;;;;;; 
375;1929_375;101;1929_375;1929;50.5;0;31.1;;;;;; 
376;1929_376;101;1929_376;1929;50.2;0;31;;;;;; 
377;1929_377;101;1929_377;1929;49.1;0;30.8;;;;;; 
378;1929_378;101;1929_378;1929;48.6;0;30.7;;;;;; 
379;1929_379;101;1929_379;1929;48;0;30.5;;;;;; 
380;1929_380;101;1929_380;1929;48;0;30.5;;;;;; 
381;1929_381;101;1929_381;1929;47.7;0;30.5;;;;;; 
382;1929_382;101;1929_382;1929;47.7;0;30.5;;;;;; 
383;1929_383;101;1929_383;1929;46.9;0;30.3;;;;;; 
384;1929_384;101;1929_384;1929;46.7;0;30.2;;;;;; 
385;1929_385;101;1929_385;1929;46.2;0;30.1;;;;;; 
386;1929_386;101;1929_386;1929;45.9;0;30;;;;;; 
387;1929_387;101;1929_387;1929;44.7;0;29.7;;;;;; 
388;1929_388;101;1929_388;1929;44.4;0;29.6;;;;;; 
389;1929_389;101;1929_389;1929;44.4;0;29.6;;;;;; 
390;1929_390;101;1929_390;1929;42.1;0;29;;;;;; 
391;1929_391;101;1929_391;1929;40.8;0;28.6;;;;;; 
392;1929_392;101;1929_392;1929;40.7;0;28.6;;;;;; 
393;1929_393;101;1929_393;1929;39.5;0;28.2;;;;;; 
394;1929_394;101;1929_394;1929;39.4;0;28.2;;;;;; 
395;1929_395;101;1929_395;1929;37.9;0;27.7;;;;;; 
396;1929_396;101;1929_396;1929;37.2;0;27.4;;;;;; 
397;1929_397;101;1929_397;1929;35.8;0;26.9;;;;;; 
398;1929_398;101;1929_398;1929;35.8;0;26.9;;;;;; 
399;1929_399;101;1929_399;1929;35.5;0;26.8;;;;;; 
400;1929_400;101;1929_400;1929;35.4;0;26.8;;;;;; 
401;1929_401;101;1929_401;1929;34.6;0;26.5;;;;;; 
402;1929_402;101;1929_402;1929;34.3;0;26.4;;;;;; 
403;1929_403;101;1929_403;1929;34;0;26.2;;;;;; 
404;1929_404;101;1929_404;1929;33.7;0;26.1;;;;;; 
405;1929_405;101;1929_405;1929;32.7;0;25.7;;;;;; 
406;1929_406;101;1929_406;1929;29.9;0;24.4;;;;;; 
407;1929_407;101;1929_407;1929;29.6;0;24.3;;;;;; 
408;1929_408;101;1929_408;1929;23.1;0;20.6;;;;;; 
409;1929_409;101;1929_409;1929;22.4;0;20.1;;;;;; 
410;1929_410;101;1929_410;1929;22.4;0;20.1;;;;;; 
411;1929_411;101;1929_411;1929;21.5;0;19.5;;;;;; 
412;1929_412;101;1929_412;1929;21.2;0;19.2;;;;;; 
413;1929_413;101;1929_413;1929;20.6;0;18.8;;;;;; 
414;1929_414;101;1929_414;1929;19.9;0;18.3;;;;;; 
415;1929_415;101;1929_415;1929;19.2;0;17.7;;;;;; 
416;1929_416;101;1929_416;1929;19.2;0;17.7;;;;;; 
417;1929_417;101;1929_417;1929;18.6;0;17.2;;;;;; 
418;1929_418;101;1929_418;1929;17.6;0;16.3;;;;;; 
419;1929_419;101;1929_419;1929;17.2;0;15.9;;;;;; 
420;1929_420;101;1929_420;1929;17.2;0;15.9;;;;;; 
421;1929_421;101;1929_421;1929;17;0;15.8;;;;;; 
422;1929_422;101;1929_422;1929;16.5;0;15.3;;;;;; 
423;1934_423;100;1934_423;1934;49.2;0;32.9;;;;;; 
424;1934_424;100;1934_424;1934;42.2;0;31.1;;;;;; 
425;1934_425;100;1934_425;1934;35;0;28.6;;;;;; 
426;1934_426;100;1934_426;1934;32.7;0;27.6;;;;;; 
427;1934_427;100;1934_427;1934;29.9;0;26.3;;;;;; 
428;1934_428;100;1934_428;1934;26.3;0;24.3;;;;;; 
429;1934_429;100;1934_429;1934;26.1;0;24.2;;;;;; 
430;1934_430;100;1934_430;1934;26.1;0;24.2;;;;;; 
431;1934_431;100;1934_431;1934;25.6;0;23.9;;;;;; 
432;1934_432;100;1934_432;1934;25.4;0;23.7;;;;;; 
433;1934_433;100;1934_433;1934;23.6;0;22.5;;;;;; 
434;1934_434;100;1934_434;1934;22.9;0;22.1;;;;;; 
435;1934_435;100;1934_435;1934;22.8;0;22;;;;;; 
436;1934_436;100;1934_436;1934;19.7;0;19.6;;;;;; 
437;1934_437;101;1934_437;1934;74.6;0;34.5;;;;;; 
438;1934_438;101;1934_438;1934;63.5;0;33.1;;;;;; 
439;1934_439;101;1934_439;1934;61.8;0;32.9;;;;;; 
440;1934_440;101;1934_440;1934;61.1;0;32.7;;;;;; 
441;1934_441;101;1934_441;1934;56.4;0;32;;;;;; 
442;1934_442;101;1934_442;1934;56.5;0;32;;;;;; 
443;1934_443;101;1934_443;1934;54.2;0;31.6;;;;;; 
444;1934_444;101;1934_444;1934;49.7;0;30.6;;;;;; 
445;1934_445;101;1934_445;1934;49.5;0;30.6;;;;;; 
446;1934_446;101;1934_446;1934;49;0;30.5;;;;;; 
447;1934_447;101;1934_447;1934;47.6;0;30.2;;;;;; 
448;1934_448;101;1934_448;1934;47.5;0;30.1;;;;;; 
449;1934_449;101;1934_449;1934;46.9;0;30;;;;;; 
450;1934_450;101;1934_450;1934;46.2;0;29.8;;;;;; 
451;1934_451;101;1934_451;1934;45;0;29.5;;;;;; 
452;1934_452;101;1934_452;1934;44.9;0;29.5;;;;;; 
453;1934_453;101;1934_453;1934;43.6;0;29.1;;;;;; 
454;1934_454;101;1934_454;1934;43.2;0;29;;;;;; 
455;1934_455;101;1934_455;1934;42.8;0;28.9;;;;;; 
456;1934_456;101;1934_456;1934;41.5;0;28.5;;;;;; 
457;1934_457;101;1934_457;1934;40.6;0;28.3;;;;;; 
458;1934_458;101;1934_458;1934;39.8;0;28;;;;;; 
459;1934_459;101;1934_459;1934;37.8;0;27.4;;;;;; 
460;1934_460;101;1934_460;1934;37.6;0;27.3;;;;;; 
461;1934_461;101;1934_461;1934;36.9;0;27.1;;;;;; 
462;1934_462;101;1934_462;1934;36.7;0;27;;;;;; 
463;1934_463;101;1934_463;1934;36.6;0;27;;;;;; 
464;1934_464;101;1934_464;1934;36.4;0;26.9;;;;;; 
465;1934_465;101;1934_465;1934;35.9;0;26.7;;;;;; 
466;1934_466;101;1934_466;1934;35.7;0;26.6;;;;;; 
467;1934_467;101;1934_467;1934;35.4;0;26.5;;;;;; 
468;1934_468;101;1934_468;1934;35;0;26.4;;;;;; 
469;1934_469;101;1934_469;1934;35;0;26.4;;;;;; 
470;1934_470;101;1934_470;1934;34.5;0;26.2;;;;;; 
471;1934_471;101;1934_471;1934;33.3;0;25.7;;;;;; 
472;1934_472;101;1934_472;1934;32.9;0;25.5;;;;;; 
473;1934_473;101;1934_473;1934;32.2;0;25.3;;;;;; 
474;1934_474;101;1934_474;1934;31.9;0;25.1;;;;;; 
475;1934_475;101;1934_475;1934;31.4;0;24.9;;;;;; 
476;1934_476;101;1934_476;1934;31.1;0;24.8;;;;;; 
477;1934_477;101;1934_477;1934;29.9;0;24.2;;;;;; 
478;1934_478;101;1934_478;1934;29.9;0;24.2;;;;;; 
479;1934_479;101;1934_479;1934;29.4;0;24;;;;;; 
480;1934_480;101;1934_480;1934;28.1;0;23.3;;;;;; 
481;1934_481;101;1934_481;1934;27.8;0;23.2;;;;;; 
482;1934_482;101;1934_482;1934;27;0;22.7;;;;;; 
483;1934_483;101;1934_483;1934;26.4;0;22.4;;;;;; 
484;1934_484;101;1934_484;1934;26.1;0;22.2;;;;;; 
485;1934_485;101;1934_485;1934;24.8;0;21.5;;;;;; 
486;1934_486;101;1934_486;1934;23.7;0;20.8;;;;;; 
487;1934_487;101;1934_487;1934;22.9;0;20.3;;;;;; 
488;1934_488;101;1934_488;1934;22.2;0;19.8;;;;;; 
489;1934_489;101;1934_489;1934;21.4;0;19.2;;;;;; 
490;1934_490;101;1934_490;1934;21.4;0;19.2;;;;;; 
491;1934_491;101;1934_491;1934;21.2;0;19.1;;;;;; 
492;1934_492;101;1934_492;1934;19.5;0;17.8;;;;;; 
493;1934_493;101;1934_493;1934;19.4;0;17.7;;;;;; 
494;1934_494;101;1934_494;1934;16.2;0;14.9;;;;;; 
495;1939_495;100;1939_495;1939;53.2;0;34.5;;;;;; 
496;1939_496;100;1939_496;1939;49.8;0;33.7;;;;;; 
497;1939_497;100;1939_497;1939;48.4;0;33.3;;;;;; 
498;1939_498;100;1939_498;1939;45.4;0;32.5;;;;;; 
499;1939_499;100;1939_499;1939;41.5;0;31.2;;;;;; 
500;1939_500;100;1939_500;1939;40.5;0;30.8;;;;;; 
501;1939_501;100;1939_501;1939;39.1;0;30.3;;;;;; 
502;1939_502;100;1939_502;1939;38.3;0;30;;;;;; 
503;1939_503;100;1939_503;1939;35.4;0;28.8;;;;;; 
504;1939_504;100;1939_504;1939;32.2;0;27.3;;;;;; 
505;1939_505;100;1939_505;1939;31.6;0;27;;;;;; 
506;1939_506;100;1939_506;1939;29.8;0;26;;;;;; 
507;1939_507;100;1939_507;1939;28.1;0;25;;;;;; 
508;1939_508;100;1939_508;1939;26.4;0;24;;;;;; 
509;1939_509;100;1939_509;1939;23.3;0;21.8;;;;;; 
510;1939_510;101;1939_510;1939;81.4;0;34.7;;;;;; 
511;1939_511;101;1939_511;1939;75.3;0;34.1;;;;;; 
512;1939_512;101;1939_512;1939;68.7;0;33.3;;;;;; 
513;1939_513;101;1939_513;1939;68.5;0;33.3;;;;;; 
514;1939_514;101;1939_514;1939;62.8;0;32.5;;;;;; 
515;1939_515;101;1939_515;1939;62.7;0;32.5;;;;;; 
516;1939_516;101;1939_516;1939;61.1;0;32.2;;;;;; 
517;1939_517;101;1939_517;1939;59.6;0;32;;;;;; 
518;1939_518;101;1939_518;1939;57.5;0;31.7;;;;;; 
519;1939_519;101;1939_519;1939;57;0;31.6;;;;;; 
520;1939_520;101;1939_520;1939;57;0;31.6;;;;;; 
521;1939_521;101;1939_521;1939;55.6;0;31.3;;;;;; 
522;1939_522;101;1939_522;1939;55;0;31.2;;;;;; 
523;1939_523;101;1939_523;1939;54.4;0;31.1;;;;;; 
524;1939_524;101;1939_524;1939;54.1;0;31.1;;;;;; 
525;1939_525;101;1939_525;1939;53.5;0;31;;;;;; 
526;1939_526;101;1939_526;1939;52.1;0;30.7;;;;;; 
527;1939_527;101;1939_527;1939;51.7;0;30.6;;;;;; 
528;1939_528;101;1939_528;1939;51.1;0;30.5;;;;;; 
529;1939_529;101;1939_529;1939;50.8;0;30.4;;;;;; 
530;1939_530;101;1939_530;1939;49.8;0;30.2;;;;;; 
531;1939_531;101;1939_531;1939;49.7;0;30.2;;;;;; 
532;1939_532;101;1939_532;1939;47.2;0;29.6;;;;;; 
533;1939_533;101;1939_533;1939;47;0;29.6;;;;;; 
534;1939_534;101;1939_534;1939;46.5;0;29.5;;;;;; 
535;1939_535;101;1939_535;1939;46.2;0;29.4;;;;;; 
536;1939_536;101;1939_536;1939;45.6;0;29.2;;;;;; 
537;1939_537;101;1939_537;1939;43.5;0;28.7;;;;;; 
538;1939_538;101;1939_538;1939;42.9;0;28.5;;;;;; 
539;1939_539;101;1939_539;1939;42.5;0;28.4;;;;;; 
540;1939_540;101;1939_540;1939;42.4;0;28.4;;;;;; 
541;1939_541;101;1939_541;1939;42.3;0;28.4;;;;;; 
542;1939_542;101;1939_542;1939;41;0;28;;;;;; 
543;1939_543;101;1939_543;1939;40.1;0;27.7;;;;;; 
544;1939_544;101;1939_544;1939;39.9;0;27.7;;;;;; 
545;1939_545;101;1939_545;1939;39.1;0;27.4;;;;;; 
546;1939_546;101;1939_546;1939;38.5;0;27.2;;;;;; 
547;1939_547;101;1939_547;1939;36.8;0;26.7;;;;;; 
548;1939_548;101;1939_548;1939;35.7;0;26.3;;;;;; 
549;1939_549;101;1939_549;1939;35.4;0;26.2;;;;;; 
550;1939_550;101;1939_550;1939;33.3;0;25.4;;;;;; 
551;1939_551;101;1939_551;1939;30.8;0;24.3;;;;;; 
552;1939_552;101;1939_552;1939;28.5;0;23.2;;;;;; 
553;1939_553;101;1939_553;1939;28.2;0;23.1;;;;;; 
554;1939_554;101;1939_554;1939;25.6;0;21.7;;;;;; 
555;1939_555;101;1939_555;1939;22.9;0;20;;;;;; 
556;1939_556;101;1939_556;1939;22.4;0;19.7;;;;;; 
557;1939_557;101;1939_557;1939;20.1;0;18;;;;;; 
558;1939_558;101;1939_558;1939;18.2;0;16.5;;;;;; 
559;1939_559;101;1939_559;1939;17.1;0;15.6;;;;;; 
560;1939_560;101;1939_560;1939;16.6;0;15.1;;;;;; 
561;1939_561;101;1939_561;1939;64.5;0;0;;;;;; 
562;1939_562;101;1939_562;1939;54.8;0;0;;;;;; 
563;1944_563;101;1944_563;1944;50.2;0;33.9;;;;;; 
564;1944_564;101;1944_564;1944;48.8;0;33.5;;;;;; 
565;1944_565;101;1944_565;1944;43.4;0;31.9;;;;;; 
566;1944_566;101;1944_566;1944;41;0;31.1;;;;;; 
567;1944_567;101;1944_567;1944;39.9;0;30.7;;;;;; 
568;1944_568;101;1944_568;1944;37.8;0;29.8;;;;;; 
569;1944_569;101;1944_569;1944;32.1;0;27.2;;;;;; 
570;1944_570;101;1944_570;1944;30.6;0;26.5;;;;;; 
571;1944_571;101;1944_571;1944;26.6;0;24.1;;;;;; 
572;1944_572;101;1944_572;1944;82;0;35;;;;;; 
573;1944_573;101;1944_573;1944;73.2;0;34.1;;;;;; 
574;1944_574;101;1944_574;1944;70.6;0;33.8;;;;;; 
575;1944_575;101;1944_575;1944;70.3;0;33.7;;;;;; 
576;1944_576;101;1944_576;1944;70.2;0;33.7;;;;;; 
577;1944_577;101;1944_577;1944;66.8;0;33.3;;;;;; 
578;1944_578;101;1944_578;1944;66.5;0;33.2;;;;;; 
579;1944_579;101;1944_579;1944;66.3;0;33.2;;;;;; 
580;1944_580;101;1944_580;1944;64.4;0;32.9;;;;;; 
581;1944_581;101;1944_581;1944;64;0;32.9;;;;;; 
582;1944_582;101;1944_582;1944;63.6;0;32.8;;;;;; 
583;1944_583;101;1944_583;1944;62.5;0;32.7;;;;;; 
584;1944_584;101;1944_584;1944;61.8;0;32.6;;;;;; 
585;1944_585;101;1944_585;1944;61.1;0;32.5;;;;;; 
586;1944_586;101;1944_586;1944;61;0;32.4;;;;;; 
587;1944_587;101;1944_587;1944;58.9;0;32.1;;;;;; 
588;1944_588;101;1944_588;1944;57.6;0;31.9;;;;;; 
589;1944_589;101;1944_589;1944;56.8;0;31.8;;;;;; 
590;1944_590;101;1944_590;1944;56.5;0;31.7;;;;;; 
591;1944_591;101;1944_591;1944;56.5;0;31.7;;;;;; 
592;1944_592;101;1944_592;1944;56.4;0;31.7;;;;;; 
593;1944_593;101;1944_593;1944;55.4;0;31.5;;;;;; 
594;1944_594;101;1944_594;1944;55;0;31.4;;;;;; 
595;1944_595;101;1944_595;1944;53.8;0;31.2;;;;;; 
596;1944_596;101;1944_596;1944;51;0;30.6;;;;;; 
597;1944_597;101;1944_597;1944;49.6;0;30.3;;;;;; 
598;1944_598;101;1944_598;1944;48.8;0;30.2;;;;;; 
599;1944_599;101;1944_599;1944;48.4;0;30.1;;;;;; 
600;1944_600;101;1944_600;1944;47.6;0;29.9;;;;;; 
601;1944_601;101;1944_601;1944;47.2;0;29.8;;;;;; 
602;1944_602;101;1944_602;1944;44.2;0;29.1;;;;;; 
603;1944_603;101;1944_603;1944;44;0;29;;;;;; 
604;1944_604;101;1944_604;1944;41.1;0;28.2;;;;;; 
605;1944_605;101;1944_605;1944;40.7;0;28.1;;;;;; 
606;1944_606;101;1944_606;1944;39.9;0;27.8;;;;;; 
607;1944_607;101;1944_607;1944;38.8;0;27.5;;;;;; 
608;1944_608;101;1944_608;1944;38;0;27.2;;;;;; 
609;1944_609;101;1944_609;1944;37.6;0;27.1;;;;;; 
610;1944_610;101;1944_610;1944;36;0;26.5;;;;;; 
611;1944_611;101;1944_611;1944;34.9;0;26.1;;;;;; 
612;1944_612;101;1944_612;1944;34.5;0;26;;;;;; 
613;1944_613;101;1944_613;1944;33.6;0;25.6;;;;;; 
614;1944_614;101;1944_614;1944;33.6;0;25.6;;;;;; 
615;1944_615;101;1944_615;1944;32.2;0;25;;;;;; 
616;1944_616;101;1944_616;1944;31.4;0;24.7;;;;;; 
617;1944_617;101;1944_617;1944;30.5;0;24.3;;;;;; 
618;1944_618;101;1944_618;1944;27.2;0;22.7;;;;;; 
619;1944_619;101;1944_619;1944;23.1;0;20.2;;;;;; 
620;1944_620;101;1944_620;1944;18.7;0;17;;;;;; 
621;1944_621;101;1944_621;1944;16.5;0;15;;;;;; 
622;1949_622;101;1949_622;1949;65.7;0;37.3;;;;;; 
623;1949_623;101;1949_623;1949;63.9;0;37;;;;;; 
624;1949_624;101;1949_624;1949;52.5;0;34.7;;;;;; 
625;1949_625;101;1949_625;1949;50;0;34.1;;;;;; 
626;1949_626;101;1949_626;1949;43.8;0;32.3;;;;;; 
627;1949_627;101;1949_627;1949;34.8;0;29;;;;;; 
628;1949_628;101;1949_628;1949;30.4;0;26.8;;;;;; 
629;1949_629;101;1949_629;1949;29.4;0;26.3;;;;;; 
630;1949_630;101;1949_630;1949;27.8;0;25.3;;;;;; 
631;1949_631;101;1949_631;1949;24.4;0;23.1;;;;;; 
632;1949_632;101;1949_632;1949;24.2;0;22.9;;;;;; 
633;1949_633;101;1949_633;1949;22.5;0;21.7;;;;;; 
634;1949_634;101;1949_634;1949;20.8;0;20.3;;;;;; 
635;1949_635;101;1949_635;1949;19.5;0;19.1;;;;;; 
636;1949_636;101;1949_636;1949;83.2;0;35.2;;;;;; 
637;1949_637;101;1949_637;1949;74.8;0;34.3;;;;;; 
638;1949_638;101;1949_638;1949;72.5;0;34.1;;;;;; 
639;1949_639;101;1949_639;1949;63.9;0;33;;;;;; 
640;1949_640;101;1949_640;1949;63.8;0;32.9;;;;;; 
641;1949_641;101;1949_641;1949;63.5;0;32.9;;;;;; 
642;1949_642;101;1949_642;1949;60.9;0;32.5;;;;;; 
643;1949_643;101;1949_643;1949;58.2;0;32.1;;;;;; 
644;1949_644;101;1949_644;1949;56.5;0;31.8;;;;;; 
645;1949_645;101;1949_645;1949;56.5;0;31.8;;;;;; 
646;1949_646;101;1949_646;1949;55.4;0;31.6;;;;;; 
647;1949_647;101;1949_647;1949;54.1;0;31.3;;;;;; 
648;1949_648;101;1949_648;1949;52;0;30.9;;;;;; 
649;1949_649;101;1949_649;1949;51.4;0;30.8;;;;;; 
650;1949_650;101;1949_650;1949;51;0;30.7;;;;;; 
651;1949_651;101;1949_651;1949;48.8;0;30.2;;;;;; 
652;1949_652;101;1949_652;1949;47.5;0;29.9;;;;;; 
653;1949_653;101;1949_653;1949;47.2;0;29.9;;;;;; 
654;1949_654;101;1949_654;1949;44.8;0;29.3;;;;;; 
655;1949_655;101;1949_655;1949;41.9;0;28.5;;;;;; 
656;1949_656;101;1949_656;1949;41.2;0;28.3;;;;;; 
657;1949_657;101;1949_657;1949;38.8;0;27.5;;;;;; 
658;1949_658;101;1949_658;1949;38.6;0;27.5;;;;;; 
659;1949_659;101;1949_659;1949;37.8;0;27.2;;;;;; 
660;1949_660;101;1949_660;1949;37.8;0;27.2;;;;;; 
661;1949_661;101;1949_661;1949;33.4;0;25.6;;;;;; 
662;1949_662;101;1949_662;1949;33;0;25.4;;;;;; 
663;1949_663;101;1949_663;1949;31.5;0;24.8;;;;;; 
664;1949_664;101;1949_664;1949;31.2;0;24.6;;;;;; 
665;1949_665;101;1949_665;1949;30.1;0;24.1;;;;;; 
666;1949_666;101;1949_666;1949;24.4;0;21;;;;;; 
667;1949_667;101;1949_667;1949;24.4;0;21;;;;;; 
668;1949_668;101;1949_668;1949;24.2;0;20.9;;;;;; 
669;1949_669;101;1949_669;1949;19.9;0;17.9;;;;;; 
670;1949_670;101;1949_670;1949;19.5;0;17.6;;;;;; 
671;1949_671;101;1949_671;1949;19.4;0;17.5;;;;;; 
672;1949_672;101;1949_672;1949;18.8;0;17;;;;;; 
673;1949_673;101;1949_673;1949;18.7;0;16.9;;;;;; 
674;1949_674;101;1949_674;1949;17.9;0;16.3;;;;;; 
675;1949_675;101;1949_675;1949;17.7;0;16.1;;;;;; 
676;1949_676;101;1949_676;1949;16.5;0;15;;;;;; 
677;1949_677;101;1949_677;1949;16.4;0;14.9;;;;;; 
678;1949_678;200;1949_678;1949;59;0;26.1;;;;;; 
679;1949_679;200;1949_679;1949;57.1;0;26;;;;;; 
680;1949_680;200;1949_680;1949;49;0;25.2;;;;;; 
681;1954_681;100;1954_681;1954;61.5;0;37;;;;;; 
682;1954_682;100;1954_682;1954;47.6;0;33.8;;;;;; 
683;1954_683;100;1954_683;1954;45.6;0;33.2;;;;;; 
684;1954_684;100;1954_684;1954;41.8;0;31.9;;;;;; 
685;1954_685;100;1954_685;1954;37.2;0;30.2;;;;;; 
686;1954_686;100;1954_686;1954;33.8;0;28.6;;;;;; 
687;1954_687;100;1954_687;1954;33.8;0;28.6;;;;;; 
688;1954_688;100;1954_688;1954;32.4;0;28;;;;;; 
689;1954_689;100;1954_689;1954;32.1;0;27.8;;;;;; 
690;1954_690;100;1954_690;1954;31.8;0;27.7;;;;;; 
691;1954_691;100;1954_691;1954;27.1;0;24.9;;;;;; 
692;1954_692;100;1954_692;1954;25.1;0;23.6;;;;;; 
693;1954_693;100;1954_693;1954;21.6;0;20.9;;;;;; 
694;1954_694;100;1954_694;1954;16.1;0;15.6;;;;;; 
695;1954_695;101;1954_695;1954;82.9;0;35.3;;;;;; 
696;1954_696;101;1954_696;1954;70;0;33.9;;;;;; 
697;1954_697;101;1954_697;1954;68.5;0;33.7;;;;;; 
698;1954_698;101;1954_698;1954;64.7;0;33.2;;;;;; 
699;1954_699;101;1954_699;1954;64;0;33.1;;;;;; 
700;1954_700;101;1954_700;1954;63.4;0;33;;;;;; 
701;1954_701;101;1954_701;1954;62.9;0;32.9;;;;;; 
702;1954_702;101;1954_702;1954;62.2;0;32.8;;;;;; 
703;1954_703;101;1954_703;1954;61.6;0;32.7;;;;;; 
704;1954_704;101;1954_704;1954;60.8;0;32.6;;;;;; 
705;1954_705;101;1954_705;1954;59.5;0;32.4;;;;;; 
706;1954_706;101;1954_706;1954;59;0;32.3;;;;;; 
707;1954_707;101;1954_707;1954;58;0;32.1;;;;;; 
708;1954_708;101;1954_708;1954;57.7;0;32.1;;;;;; 
709;1954_709;101;1954_709;1954;56.2;0;31.8;;;;;; 
710;1954_710;101;1954_710;1954;56;0;31.8;;;;;; 
711;1954_711;101;1954_711;1954;55.4;0;31.7;;;;;; 
712;1954_712;101;1954_712;1954;53.5;0;31.3;;;;;; 
713;1954_713;101;1954_713;1954;52.2;0;31.1;;;;;; 
714;1954_714;101;1954_714;1954;50.8;0;30.8;;;;;; 
715;1954_715;101;1954_715;1954;50.1;0;30.6;;;;;; 
716;1954_716;101;1954_716;1954;50;0;30.6;;;;;; 
717;1954_717;101;1954_717;1954;49.1;0;30.4;;;;;; 
718;1954_718;101;1954_718;1954;47.5;0;30;;;;;; 
719;1954_719;101;1954_719;1954;47.5;0;30;;;;;; 
720;1954_720;101;1954_720;1954;47.4;0;30;;;;;; 
721;1954_721;101;1954_721;1954;44.6;0;29.3;;;;;; 
722;1954_722;101;1954_722;1954;44.6;0;29.3;;;;;; 
723;1954_723;101;1954_723;1954;44.3;0;29.2;;;;;; 
724;1954_724;101;1954_724;1954;43;0;28.9;;;;;; 
725;1954_725;101;1954_725;1954;39.9;0;28;;;;;; 
726;1954_726;101;1954_726;1954;39.1;0;27.7;;;;;; 
727;1954_727;101;1954_727;1954;38.4;0;27.5;;;;;; 
728;1954_728;101;1954_728;1954;37.5;0;27.2;;;;;; 
729;1954_729;101;1954_729;1954;37.5;0;27.2;;;;;; 
730;1954_730;101;1954_730;1954;36.3;0;26.7;;;;;; 
731;1954_731;101;1954_731;1954;35;0;26.3;;;;;; 
732;1954_732;101;1954_732;1954;34.9;0;26.2;;;;;; 
733;1954_733;101;1954_733;1954;34.9;0;26.2;;;;;; 
734;1954_734;101;1954_734;1954;33.8;0;25.8;;;;;; 
735;1954_735;101;1954_735;1954;33;0;25.5;;;;;; 
736;1954_736;101;1954_736;1954;32.5;0;25.3;;;;;; 
737;1954_737;101;1954_737;1954;32.4;0;25.2;;;;;; 
738;1954_738;101;1954_738;1954;32.3;0;25.2;;;;;; 
739;1954_739;101;1954_739;1954;32;0;25.1;;;;;; 
740;1954_740;101;1954_740;1954;32;0;25.1;;;;;; 
741;1954_741;101;1954_741;1954;30.3;0;24.3;;;;;; 
742;1954_742;101;1954_742;1954;29.1;0;23.7;;;;;; 
743;1954_743;101;1954_743;1954;29.1;0;23.7;;;;;; 
744;1954_744;101;1954_744;1954;28.9;0;23.6;;;;;; 
745;1954_745;101;1954_745;1954;28.6;0;23.5;;;;;; 
746;1954_746;101;1954_746;1954;28.4;0;23.4;;;;;; 
747;1954_747;101;1954_747;1954;28.1;0;23.2;;;;;; 
748;1954_748;101;1954_748;1954;28.1;0;23.2;;;;;; 
749;1954_749;101;1954_749;1954;27.4;0;22.8;;;;;; 
750;1954_750;101;1954_750;1954;27.1;0;22.7;;;;;; 
751;1954_751;101;1954_751;1954;26.5;0;22.3;;;;;; 
752;1954_752;101;1954_752;1954;25.9;0;22;;;;;; 
753;1954_753;101;1954_753;1954;25.4;0;21.7;;;;;; 
754;1954_754;101;1954_754;1954;23.6;0;20.6;;;;;; 
755;1954_755;101;1954_755;1954;22.3;0;19.7;;;;;; 
756;1954_756;101;1954_756;1954;21.6;0;19.2;;;;;; 
757;1954_757;101;1954_757;1954;20.1;0;18.1;;;;;; 
758;1954_758;101;1954_758;1954;19.9;0;18;;;;;; 
759;1954_759;101;1954_759;1954;19.5;0;17.6;;;;;; 
760;1954_760;101;1954_760;1954;19.4;0;17.6;;;;;; 
761;1954_761;101;1954_761;1954;19.3;0;17.5;;;;;; 
762;1954_762;101;1954_762;1954;18.1;0;16.5;;;;;; 
763;1954_763;101;1954_763;1954;17.6;0;16;;;;;; 
764;1954_764;101;1954_764;1954;17.4;0;15.9;;;;;; 
765;1954_765;101;1954_765;1954;17.4;0;15.9;;;;;; 
766;1954_766;101;1954_766;1954;17.4;0;15.9;;;;;; 
767;1954_767;101;1954_767;1954;16.6;0;15.1;;;;;; 
768;1954_768;101;1954_768;1954;16.4;0;14.9;;;;;; 
769;1954_769;101;1954_769;1954;16.2;0;14.8;;;;;; 
770;1954_770;101;1954_770;1954;16.2;0;14.8;;;;;; 
771;1954_771;101;1954_771;1954;34.6;0;23.3;;;;;; 
772;1954_772;101;1954_772;1954;21.3;0;19.3;;;;;; 
773;1954_773;101;1954_773;1954;20.3;0;18.8;;;;;; 
774;1954_774;101;1954_774;1954;20.2;0;18.8;;;;;; 
775;1954_775;101;1954_775;1954;19.1;0;18.3;;;;;; 
776;1954_776;101;1954_776;1954;18.8;0;18.1;;;;;; 
777;1954_777;101;1954_777;1954;17.9;0;17.6;;;;;; 
778;1954_778;101;1954_778;1954;16.6;0;16.8;;;;;; 
779;1959_779;101;1959_779;1959;52;0;35.4;;;;;; 
780;1959_780;101;1959_780;1959;49.2;0;34.6;;;;;; 
781;1959_781;101;1959_781;1959;45.4;0;33.5;;;;;; 
782;1959_782;101;1959_782;1959;42.9;0;32.7;;;;;; 
783;1959_783;101;1959_783;1959;36;0;30.1;;;;;; 
784;1959_784;101;1959_784;1959;35.5;0;29.9;;;;;; 
785;1959_785;101;1959_785;1959;35.1;0;29.7;;;;;; 
786;1959_786;101;1959_786;1959;30.7;0;27.5;;;;;; 
787;1959_787;101;1959_787;1959;29.1;0;26.6;;;;;; 
788;1959_788;101;1959_788;1959;92.7;0;36.6;;;;;; 
789;1959_789;101;1959_789;1959;83.7;0;35.9;;;;;; 
790;1959_790;101;1959_790;1959;73.1;0;34.8;;;;;; 
791;1959_791;101;1959_791;1959;71.2;0;34.6;;;;;; 
792;1959_792;101;1959_792;1959;69.8;0;34.4;;;;;; 
793;1959_793;101;1959_793;1959;67.8;0;34.1;;;;;; 
794;1959_794;101;1959_794;1959;65.4;0;33.8;;;;;; 
795;1959_795;101;1959_795;1959;64.4;0;33.7;;;;;; 
796;1959_796;101;1959_796;1959;62.5;0;33.4;;;;;; 
797;1959_797;101;1959_797;1959;61.6;0;33.2;;;;;; 
798;1959_798;101;1959_798;1959;59.2;0;32.9;;;;;; 
799;1959_799;101;1959_799;1959;58.9;0;32.8;;;;;; 
800;1959_800;101;1959_800;1959;58;0;32.7;;;;;; 
801;1959_801;101;1959_801;1959;57.4;0;32.6;;;;;; 
802;1959_802;101;1959_802;1959;57.2;0;32.5;;;;;; 
803;1959_803;101;1959_803;1959;56;0;32.3;;;;;; 
804;1959_804;101;1959_804;1959;53;0;31.7;;;;;; 
805;1959_805;101;1959_805;1959;51.8;0;31.5;;;;;; 
806;1959_806;101;1959_806;1959;46.6;0;30.3;;;;;; 
807;1959_807;101;1959_807;1959;45;0;29.9;;;;;; 
808;1959_808;101;1959_808;1959;43.6;0;29.5;;;;;; 
809;1959_809;101;1959_809;1959;42.6;0;29.3;;;;;; 
810;1959_810;101;1959_810;1959;42.5;0;29.2;;;;;; 
811;1959_811;101;1959_811;1959;39.9;0;28.4;;;;;; 
812;1959_812;101;1959_812;1959;39.6;0;28.4;;;;;; 
813;1959_813;101;1959_813;1959;39.5;0;28.3;;;;;; 
814;1959_814;101;1959_814;1959;39;0;28.2;;;;;; 
815;1959_815;101;1959_815;1959;37.5;0;27.7;;;;;; 
816;1959_816;101;1959_816;1959;37.2;0;27.6;;;;;; 
817;1959_817;101;1959_817;1959;36;0;27.1;;;;;; 
818;1959_818;101;1959_818;1959;33.6;0;26.2;;;;;; 
819;1959_819;101;1959_819;1959;32.6;0;25.8;;;;;; 
820;1959_820;101;1959_820;1959;31.8;0;25.4;;;;;; 
821;1959_821;101;1959_821;1959;31.6;0;25.3;;;;;; 
822;1959_822;101;1959_822;1959;30.9;0;25;;;;;; 
823;1959_823;101;1959_823;1959;29.4;0;24.3;;;;;; 
824;1959_824;101;1959_824;1959;28;0;23.6;;;;;; 
825;1959_825;101;1959_825;1959;27.8;0;23.5;;;;;; 
826;1959_826;101;1959_826;1959;26.6;0;22.8;;;;;; 
827;1959_827;101;1959_827;1959;24.9;0;21.8;;;;;; 
828;1959_828;101;1959_828;1959;23.2;0;20.8;;;;;; 
829;1959_829;101;1959_829;1959;22.6;0;20.4;;;;;; 
830;1959_830;101;1959_830;1959;18.1;0;16.9;;;;;; 
831;1959_831;101;1959_831;1959;16.8;0;15.7;;;;;; 
832;1959_832;101;1959_832;1959;16.7;0;15.6;;;;;; 
833;1959_833;101;1959_833;1959;16.1;0;15;;;;;; 
834;1959_834;101;1959_834;1959;64.3;0;26.8;;;;;; 
835;1959_835;101;1959_835;1959;53;0;26;;;;;; 
836;1959_836;101;1959_836;1959;29.1;0;22.4;;;;;; 
837;1959_837;101;1959_837;1959;28.9;0;22.4;;;;;; 
838;1959_838;101;1959_838;1959;28.3;0;22.2;;;;;; 
839;1959_839;101;1959_839;1959;25.2;0;21.3;;;;;; 
840;1959_840;101;1959_840;1959;24.1;0;20.9;;;;;; 
841;1959_841;101;1959_841;1959;22.2;0;20.3;;;;;; 
842;1959_842;101;1959_842;1959;21.6;0;20;;;;;; 
843;1959_843;101;1959_843;1959;21.2;0;19.8;;;;;; 
844;1959_844;101;1959_844;1959;20.9;0;19.7;;;;;; 
845;1959_845;101;1959_845;1959;20.4;0;19.5;;;;;; 
846;1959_846;101;1959_846;1959;20.1;0;19.4;;;;;; 
847;1959_847;101;1959_847;1959;20;0;19.3;;;;;; 
848;1959_848;101;1959_848;1959;19.8;0;19.2;;;;;; 
849;1959_849;101;1959_849;1959;19.4;0;19;;;;;; 
850;1959_850;101;1959_850;1959;19.2;0;19;;;;;; 
851;1959_851;101;1959_851;1959;18.9;0;18.8;;;;;; 
852;1959_852;101;1959_852;1959;18.7;0;18.7;;;;;; 
853;1959_853;101;1959_853;1959;18.8;0;18.8;;;;;; 
854;1959_854;101;1959_854;1959;18.7;0;18.7;;;;;; 
855;1959_855;101;1959_855;1959;18.6;0;18.7;;;;;; 
856;1959_856;101;1959_856;1959;18.6;0;18.7;;;;;; 
857;1959_857;101;1959_857;1959;18.1;0;18.4;;;;;; 
858;1959_858;101;1959_858;1959;17.8;0;18.2;;;;;; 
859;1959_859;101;1959_859;1959;17.8;0;18.2;;;;;; 
860;1959_860;101;1959_860;1959;17.8;0;18.2;;;;;; 
861;1959_861;101;1959_861;1959;17.6;0;18.1;;;;;; 
862;1959_862;101;1959_862;1959;17.1;0;17.8;;;;;; 
863;1959_863;101;1959_863;1959;16.9;0;17.7;;;;;; 
864;1959_864;101;1959_864;1959;16.8;0;17.7;;;;;; 
865;1959_865;101;1959_865;1959;16.3;0;17.4;;;;;; 
866;1959_866;101;1959_866;1959;16.1;0;17.3;;;;;; 
867;1964_867;101;1964_867;1964;51.8;0;34.7;;;;;; 
868;1964_868;101;1964_868;1964;51.7;0;34.7;;;;;; 
869;1964_869;101;1964_869;1964;39.4;0;30.7;;;;;; 
870;1964_870;101;1964_870;1964;26.9;0;24.3;;;;;; 
871;1964_871;101;1964_871;1964;102.8;0;37.1;;;;;; 
872;1964_872;101;1964_872;1964;83.1;0;35.6;;;;;; 
873;1964_873;101;1964_873;1964;81.7;0;35.4;;;;;; 
874;1964_874;101;1964_874;1964;71.4;0;34.3;;;;;; 
875;1964_875;101;1964_875;1964;70;0;34.1;;;;;; 
876;1964_876;101;1964_876;1964;69.7;0;34.1;;;;;; 
877;1964_877;101;1964_877;1964;64.5;0;33.4;;;;;; 
878;1964_878;101;1964_878;1964;57;0;32.2;;;;;; 
879;1964_879;101;1964_879;1964;46.9;0;30;;;;;; 
880;1964_880;101;1964_880;1964;43.5;0;29.2;;;;;; 
881;1964_881;101;1964_881;1964;41.3;0;28.5;;;;;; 
882;1964_882;101;1964_882;1964;36.6;0;27;;;;;; 
883;1964_883;101;1964_883;1964;36.2;0;26.8;;;;;; 
884;1964_884;101;1964_884;1964;35.1;0;26.4;;;;;; 
885;1964_885;101;1964_885;1964;29.2;0;23.8;;;;;; 
886;1964_886;101;1964_886;1964;26.1;0;22.1;;;;;; 
887;1964_887;101;1964_887;1964;22.2;0;19.6;;;;;; 
888;1964_888;101;1964_888;1964;21.4;0;19.1;;;;;; 
889;1964_889;101;1964_889;1964;17.5;0;15.9;;;;;; 
890;1964_890;101;1964_890;1964;16.3;0;14.8;;;;;; 
891;1964_891;200;1964_891;1964;33.7;0;24.1;;;;;; 
892;1964_892;200;1964_892;1964;26.8;0;22.2;;;;;; 
893;1964_893;200;1964_893;1964;22.6;0;20.7;;;;;; 
894;1964_894;200;1964_894;1964;22.4;0;20.6;;;;;; 
895;1964_895;200;1964_895;1964;18.1;0;18.4;;;;;; 
896;1964_896;200;1964_896;1964;17.1;0;17.8;;;;;; 
897;1964_897;200;1964_897;1964;16.5;0;17.4;;;;;; 
898;1969_898;100;1969_898;1969;51.9;0;0;;;;;; 
899;1969_899;100;1969_899;1969;50.1;0;0;;;;;; 
900;1969_900;100;1969_900;1969;41.6;0;0;;;;;; 
901;1969_901;100;1969_901;1969;36.7;0;0;;;;;; 
902;1969_902;100;1969_902;1969;32.5;0;0;;;;;; 
903;1969_903;100;1969_903;1969;30;0;0;;;;;; 
904;1969_904;100;1969_904;1969;28;0;0;;;;;; 
905;1969_905;100;1969_905;1969;25.9;0;0;;;;;; 
906;1969_906;100;1969_906;1969;22.3;0;0;;;;;; 
907;1969_907;100;1969_907;1969;19.8;0;0;;;;;; 
908;1969_908;100;1969_908;1969;16.6;0;0;;;;;; 
909;1969_909;101;1969_909;1969;88.2;0;0;;;;;; 
910;1969_910;101;1969_910;1969;77.7;0;0;;;;;; 
911;1969_911;101;1969_911;1969;77.3;0;0;;;;;; 
912;1969_912;101;1969_912;1969;71.3;0;0;;;;;; 
913;1969_913;101;1969_913;1969;59.3;0;0;;;;;; 
914;1969_914;101;1969_914;1969;54;0;0;;;;;; 
915;1969_915;101;1969_915;1969;52.6;0;0;;;;;; 
916;1969_916;101;1969_916;1969;45;0;0;;;;;; 
917;1969_917;101;1969_917;1969;38.2;0;0;;;;;; 
918;1969_918;101;1969_918;1969;33.7;0;0;;;;;; 
919;1969_919;101;1969_919;1969;27.4;0;0;;;;;; 
920;1969_920;101;1969_920;1969;26;0;0;;;;;; 
921;1969_921;101;1969_921;1969;25.7;0;0;;;;;; 
922;1969_922;101;1969_922;1969;24.3;0;0;;;;;; 
923;1969_923;101;1969_923;1969;23.5;0;0;;;;;; 
924;1969_924;101;1969_924;1969;22.9;0;0;;;;;; 
925;1969_925;101;1969_925;1969;21.9;0;0;;;;;; 
926;1969_926;101;1969_926;1969;21.7;0;0;;;;;; 
927;1969_927;101;1969_927;1969;21.8;0;0;;;;;; 
928;1969_928;101;1969_928;1969;19.6;0;0;;;;;; 
929;1969_929;101;1969_929;1969;19.4;0;0;;;;;; 
930;1969_930;101;1969_930;1969;18.1;0;0;;;;;; 
931;1969_931;101;1969_931;1969;17.1;0;0;;;;;; 
932;1969_932;200;1969_932;1969;29.8;0;0;;;;;; 
933;1969_933;200;1969_933;1969;29.4;0;0;;;;;; 
934;1969_934;200;1969_934;1969;26.2;0;0;;;;;; 
935;1969_935;200;1969_935;1969;23.8;0;0;;;;;; 
936;1969_936;200;1969_936;1969;22.6;0;0;;;;;; 
937;1969_937;200;1969_937;1969;21.4;0;0;;;;;; 
938;1969_938;200;1969_938;1969;19;0;0;;;;;; 
939;1969_939;200;1969_939;1969;17.7;0;0;;;;;; 
940;1977_940;100;1977_940;1977;78.5;0;39.7;;;;;; 
941;1977_941;100;1977_941;1977;72.8;0;39;;;;;; 
942;1977_942;100;1977_942;1977;72;0;38.8;;;;;; 
943;1977_943;100;1977_943;1977;70.5;0;38.6;;;;;; 
944;1977_944;100;1977_944;1977;66.8;0;38;;;;;; 
945;1977_945;100;1977_945;1977;53.6;0;35.3;;;;;; 
946;1977_946;100;1977_946;1977;53.5;0;35.3;;;;;; 
947;1977_947;100;1977_947;1977;46.3;0;33.3;;;;;; 
948;1977_948;100;1977_948;1977;46.2;0;33.3;;;;;; 
949;1977_949;100;1977_949;1977;40.8;0;31.5;;;;;; 
950;1977_950;100;1977_950;1977;40.6;0;31.4;;;;;; 
951;1977_951;100;1977_951;1977;33.8;0;28.5;;;;;; 
952;1977_952;100;1977_952;1977;19.6;0;18.8;;;;;; 
953;1977_953;100;1977_953;1977;19.3;0;18.6;;;;;; 
954;1977_954;100;1977_954;1977;16.2;0;15.4;;;;;; 
955;1977_955;101;1977_955;1977;117.2;0;39.2;;;;;; 
956;1977_956;101;1977_956;1977;98.8;0;38.1;;;;;; 
957;1977_957;101;1977_957;1977;98.7;0;38.1;;;;;; 
958;1977_958;101;1977_958;1977;91.6;0;37.6;;;;;; 
959;1977_959;101;1977_959;1977;90.8;0;37.5;;;;;; 
960;1977_960;101;1977_960;1977;89.3;0;37.4;;;;;; 
961;1977_961;101;1977_961;1977;88.9;0;37.3;;;;;; 
962;1977_962;101;1977_962;1977;85.5;0;37;;;;;; 
963;1977_963;101;1977_963;1977;84.3;0;36.9;;;;;; 
964;1977_964;101;1977_964;1977;81.9;0;36.7;;;;;; 
965;1977_965;101;1977_965;1977;76.3;0;36.1;;;;;; 
966;1977_966;101;1977_966;1977;75.5;0;36.1;;;;;; 
967;1977_967;101;1977_967;1977;73.8;0;35.9;;;;;; 
968;1977_968;101;1977_968;1977;72;0;35.6;;;;;; 
969;1977_969;101;1977_969;1977;68.8;0;35.2;;;;;; 
970;1977_970;101;1977_970;1977;68.4;0;35.2;;;;;; 
971;1977_971;101;1977_971;1977;68.2;0;35.2;;;;;; 
972;1977_972;101;1977_972;1977;67.4;0;35.1;;;;;; 
973;1977_973;101;1977_973;1977;66.8;0;35;;;;;; 
974;1977_974;101;1977_974;1977;64.5;0;34.6;;;;;; 
975;1977_975;101;1977_975;1977;64.5;0;34.6;;;;;; 
976;1977_976;101;1977_976;1977;63.5;0;34.5;;;;;; 
977;1977_977;101;1977_977;1977;61.6;0;34.2;;;;;; 
978;1977_978;101;1977_978;1977;60.9;0;34.1;;;;;; 
979;1977_979;101;1977_979;1977;60.9;0;34.1;;;;;; 
980;1977_980;101;1977_980;1977;60.4;0;34;;;;;; 
981;1977_981;101;1977_981;1977;59.2;0;33.8;;;;;; 
982;1977_982;101;1977_982;1977;57.3;0;33.5;;;;;; 
983;1977_983;101;1977_983;1977;54.6;0;33;;;;;; 
984;1977_984;101;1977_984;1977;46.6;0;31.2;;;;;; 
985;1977_985;101;1977_985;1977;46;0;31.1;;;;;; 
986;1977_986;101;1977_986;1977;34;0;27.2;;;;;; 
987;1977_987;101;1977_987;1977;31.2;0;26;;;;;; 
988;1977_988;101;1977_988;1977;30.6;0;25.7;;;;;; 
989;1977_989;101;1977_989;1977;29.8;0;25.3;;;;;; 
990;1977_990;101;1977_990;1977;26.6;0;23.6;;;;;; 
991;1977_991;101;1977_991;1977;22;0;20.6;;;;;; 
992;1977_992;101;1977_992;1977;20.6;0;19.5;;;;;; 
993;1977_993;101;1977_993;1977;19.3;0;18.5;;;;;; 
994;1977_994;101;1977_994;1977;18.8;0;18.1;;;;;; 
995;1977_995;101;1977_995;1977;18.4;0;17.7;;;;;; 
996;1977_996;101;1977_996;1977;16.4;0;15.8;;;;;; 
997;1977_997;101;1977_997;1977;16.2;0;15.6;;;;;; 
998;1977_998;200;1977_998;1977;57;0;27.4;;;;;; 
999;1977_999;200;1977_999;1977;25.1;0;20.9;;;;;; 
1000;1977_1000;200;1977_1000;1977;23.4;0;20.2;;;;;; 
1001;1977_1001;200;1977_1001;1977;23.4;0;20.2;;;;;; 
1002;1977_1002;200;1977_1002;1977;23.3;0;20.2;;;;;; 
1003;1977_1003;200;1977_1003;1977;23.2;0;20.1;;;;;; 
1004;1977_1004;200;1977_1004;1977;22.9;0;20;;;;;; 
1005;1977_1005;200;1977_1005;1977;22.7;0;19.9;;;;;; 
1006;1977_1006;200;1977_1006;1977;22.1;0;19.6;;;;;; 
1007;1977_1007;200;1977_1007;1977;21;0;19.1;;;;;; 
1008;1977_1008;200;1977_1008;1977;20.1;0;18.6;;;;;; 
1009;1977_1009;200;1977_1009;1977;19.6;0;18.3;;;;;; 
1010;1977_1010;200;1977_1010;1977;19.3;0;18.1;;;;;; 
1011;1977_1011;200;1977_1011;1977;19.2;0;18.1;;;;;; 
1012;1977_1012;200;1977_1012;1977;18.8;0;17.9;;;;;; 
1013;1977_1013;200;1977_1013;1977;18.2;0;17.5;;;;;; 
1014;1977_1014;200;1977_1014;1977;17.3;0;16.9;;;;;; 
1015;1977_1015;200;1977_1015;1977;16.2;0;16.1;;;;;; 
1016;1985_1016;100;1985_1016;1985;68;0;38.3;;;;;; 
1017;1985_1017;100;1985_1017;1985;56.6;0;36.1;;;;;; 
1018;1985_1018;100;1985_1018;1985;50.9;0;34.7;;;;;; 
1019;1985_1019;100;1985_1019;1985;45.9;0;33.3;;;;;; 
1020;1985_1020;100;1985_1020;1985;45.9;0;33.3;;;;;; 
1021;1985_1021;100;1985_1021;1985;42;0;32;;;;;; 
1022;1985_1022;100;1985_1022;1985;42;0;32;;;;;; 
1023;1985_1023;100;1985_1023;1985;32.1;0;27.6;;;;;; 
1024;1985_1024;100;1985_1024;1985;25.4;0;23.5;;;;;; 
1025;1985_1025;100;1985_1025;1985;16.4;0;15.5;;;;;; 
1026;1985_1026;101;1985_1026;1985;96.9;0;38.2;;;;;; 
1027;1985_1027;101;1985_1027;1985;92.7;0;37.8;;;;;; 
1028;1985_1028;101;1985_1028;1985;89.5;0;37.6;;;;;; 
1029;1985_1029;101;1985_1029;1985;89.4;0;37.5;;;;;; 
1030;1985_1030;101;1985_1030;1985;84.3;0;37.1;;;;;; 
1031;1985_1031;101;1985_1031;1985;78.7;0;36.5;;;;;; 
1032;1985_1032;101;1985_1032;1985;78.3;0;36.4;;;;;; 
1033;1985_1033;101;1985_1033;1985;75;0;36.1;;;;;; 
1034;1985_1034;101;1985_1034;1985;74.8;0;36;;;;;; 
1035;1985_1035;101;1985_1035;1985;74.2;0;36;;;;;; 
1036;1985_1036;101;1985_1036;1985;73.1;0;35.8;;;;;; 
1037;1985_1037;101;1985_1037;1985;72.5;0;35.8;;;;;; 
1038;1985_1038;101;1985_1038;1985;71;0;35.6;;;;;; 
1039;1985_1039;101;1985_1039;1985;69;0;35.3;;;;;; 
1040;1985_1040;101;1985_1040;1985;68.2;0;35.2;;;;;; 
1041;1985_1041;101;1985_1041;1985;66.5;0;34.9;;;;;; 
1042;1985_1042;101;1985_1042;1985;65;0;34.7;;;;;; 
1043;1985_1043;101;1985_1043;1985;62.2;0;34.3;;;;;; 
1044;1985_1044;101;1985_1044;1985;61.5;0;34.1;;;;;; 
1045;1985_1045;101;1985_1045;1985;60.6;0;34;;;;;; 
1046;1985_1046;101;1985_1046;1985;58.8;0;33.7;;;;;; 
1047;1985_1047;101;1985_1047;1985;57.6;0;33.4;;;;;; 
1048;1985_1048;101;1985_1048;1985;52.5;0;32.4;;;;;; 
1049;1985_1049;101;1985_1049;1985;52.2;0;32.3;;;;;; 
1050;1985_1050;101;1985_1050;1985;46;0;30.8;;;;;; 
1051;1985_1051;101;1985_1051;1985;43.8;0;30.2;;;;;; 
1052;1985_1052;101;1985_1052;1985;42.4;0;29.8;;;;;; 
1053;1985_1053;101;1985_1053;1985;40.1;0;29;;;;;; 
1054;1985_1054;101;1985_1054;1985;36.6;0;27.8;;;;;; 
1055;1985_1055;101;1985_1055;1985;36.2;0;27.6;;;;;; 
1056;1985_1056;101;1985_1056;1985;35.1;0;27.2;;;;;; 
1057;1985_1057;101;1985_1057;1985;35.1;0;27.2;;;;;; 
1058;1985_1058;101;1985_1058;1985;32.3;0;26;;;;;; 
1059;1985_1059;101;1985_1059;1985;29.2;0;24.4;;;;;; 
1060;1985_1060;101;1985_1060;1985;27.1;0;23.3;;;;;; 
1061;1985_1061;101;1985_1061;1985;26.1;0;22.7;;;;;; 
1062;1985_1062;101;1985_1062;1985;25.8;0;22.5;;;;;; 
1063;1985_1063;101;1985_1063;1985;25.1;0;22.1;;;;;; 
1064;1985_1064;101;1985_1064;1985;23.9;0;21.3;;;;;; 
1065;1985_1065;101;1985_1065;1985;22.8;0;20.5;;;;;; 
1066;1985_1066;101;1985_1066;1985;21.4;0;19.5;;;;;; 
1067;1985_1067;101;1985_1067;1985;21.3;0;19.4;;;;;; 
1068;1985_1068;101;1985_1068;1985;20.9;0;19.1;;;;;; 
1069;1985_1069;101;1985_1069;1985;20.9;0;19.1;;;;;; 
1070;1985_1070;101;1985_1070;1985;18.9;0;17.4;;;;;; 
1071;1985_1071;101;1985_1071;1985;17.5;0;16.1;;;;;; 
1072;1985_1072;101;1985_1072;1985;17.2;0;15.8;;;;;; 
1073;1985_1073;101;1985_1073;1985;16.4;0;15.1;;;;;; 
1074;1985_1074;200;1985_1074;1985;45.6;0;26.7;;;;;; 
1075;1985_1075;200;1985_1075;1985;38.8;0;25.3;;;;;; 
1076;1985_1076;200;1985_1076;1985;27.2;0;21.8;;;;;; 
1077;1985_1077;200;1985_1077;1985;22.6;0;19.7;;;;;; 
1078;1985_1078;200;1985_1078;1985;21.9;0;19.3;;;;;; 
1079;1985_1079;200;1985_1079;1985;21.2;0;18.9;;;;;; 
1080;1985_1080;200;1985_1080;1985;20.9;0;18.7;;;;;; 
1081;1985_1081;200;1985_1081;1985;20.7;0;18.6;;;;;; 
1082;1985_1082;200;1985_1082;1985;20.6;0;18.5;;;;;; 
1083;1985_1083;200;1985_1083;1985;20.1;0;18.2;;;;;; 
1084;1985_1084;200;1985_1084;1985;19.9;0;18.1;;;;;; 
1085;1985_1085;200;1985_1085;1985;19.7;0;18;;;;;; 
1086;1985_1086;200;1985_1086;1985;18.9;0;17.5;;;;;; 
1087;1985_1087;200;1985_1087;1985;18.5;0;17.2;;;;;; 
1088;1985_1088;200;1985_1088;1985;18.4;0;17.2;;;;;; 
1089;1985_1089;200;1985_1089;1985;17.8;0;16.7;;;;;; 
1090;1985_1090;200;1985_1090;1985;17.6;0;16.6;;;;;; 
1091;1985_1091;200;1985_1091;1985;17.1;0;16.2;;;;;; 
1092;1985_1092;200;1985_1092;1985;16.9;0;16.1;;;;;; 
1093;1985_1093;200;1985_1093;1985;16.9;0;16.1;;;;;; 
1094;1985_1094;200;1985_1094;1985;16.5;0;15.8;;;;;; 
1095;1993_1095;100;1993_1095;1993;96.4;0;42.3;;;;;; 
1096;1993_1096;100;1993_1096;1993;91.3;0;41.8;;;;;; 
1097;1993_1097;100;1993_1097;1993;90.5;0;41.7;;;;;; 
1098;1993_1098;100;1993_1098;1993;88.1;0;41.4;;;;;; 
1099;1993_1099;100;1993_1099;1993;86.8;0;41.3;;;;;; 
1100;1993_1100;100;1993_1100;1993;75.3;0;39.7;;;;;; 
1101;1993_1101;100;1993_1101;1993;67.5;0;38.4;;;;;; 
1102;1993_1102;100;1993_1102;1993;66.8;0;38.3;;;;;; 
1103;1993_1103;100;1993_1103;1993;65.7;0;38.1;;;;;; 
1104;1993_1104;100;1993_1104;1993;63.8;0;37.7;;;;;; 
1105;1993_1105;100;1993_1105;1993;63.6;0;37.7;;;;;; 
1106;1993_1106;100;1993_1106;1993;58.6;0;36.6;;;;;; 
1107;1993_1107;100;1993_1107;1993;58;0;36.5;;;;;; 
1108;1993_1108;100;1993_1108;1993;57.5;0;36.4;;;;;; 
1109;1993_1109;100;1993_1109;1993;51.8;0;34.9;;;;;; 
1110;1993_1110;100;1993_1110;1993;40.6;0;31.1;;;;;; 
1111;1993_1111;100;1993_1111;1993;38.1;0;30;;;;;; 
1112;1993_1112;100;1993_1112;1993;35.4;0;28.8;;;;;; 
1113;1993_1113;100;1993_1113;1993;33.9;0;28;;;;;; 
1114;1993_1114;100;1993_1114;1993;30.1;0;25.9;;;;;; 
1115;1993_1115;100;1993_1115;1993;29.9;0;25.7;;;;;; 
1116;1993_1116;101;1993_1116;1993;96.7;0;38.4;;;;;; 
1117;1993_1117;101;1993_1117;1993;96.4;0;38.4;;;;;; 
1118;1993_1118;101;1993_1118;1993;92.7;0;38.1;;;;;; 
1119;1993_1119;101;1993_1119;1993;92;0;38;;;;;; 
1120;1993_1120;101;1993_1120;1993;87;0;37.6;;;;;; 
1121;1993_1121;101;1993_1121;1993;85.1;0;37.4;;;;;; 
1122;1993_1122;101;1993_1122;1993;83.5;0;37.2;;;;;; 
1123;1993_1123;101;1993_1123;1993;83.5;0;37.2;;;;;; 
1124;1993_1124;101;1993_1124;1993;81.4;0;37;;;;;; 
1125;1993_1125;101;1993_1125;1993;81.3;0;37;;;;;; 
1126;1993_1126;101;1993_1126;1993;78.4;0;36.6;;;;;; 
1127;1993_1127;101;1993_1127;1993;78.3;0;36.6;;;;;; 
1128;1993_1128;101;1993_1128;1993;76.7;0;36.4;;;;;; 
1129;1993_1129;101;1993_1129;1993;75.8;0;36.3;;;;;; 
1130;1993_1130;101;1993_1130;1993;75.5;0;36.3;;;;;; 
1131;1993_1131;101;1993_1131;1993;75.5;0;36.3;;;;;; 
1132;1993_1132;101;1993_1132;1993;74.7;0;36.1;;;;;; 
1133;1993_1133;101;1993_1133;1993;74.2;0;36.1;;;;;; 
1134;1993_1134;101;1993_1134;1993;70.6;0;35.6;;;;;; 
1135;1993_1135;101;1993_1135;1993;69.7;0;35.5;;;;;; 
1136;1993_1136;101;1993_1136;1993;69.2;0;35.4;;;;;; 
1137;1993_1137;101;1993_1137;1993;67.8;0;35.2;;;;;; 
1138;1993_1138;101;1993_1138;1993;67.3;0;35.1;;;;;; 
1139;1993_1139;101;1993_1139;1993;64.1;0;34.6;;;;;; 
1140;1993_1140;101;1993_1140;1993;62.1;0;34.2;;;;;; 
1141;1993_1141;101;1993_1141;1993;62;0;34.2;;;;;; 
1142;1993_1142;101;1993_1142;1993;61.2;0;34.1;;;;;; 
1143;1993_1143;101;1993_1143;1993;59.1;0;33.7;;;;;; 
1144;1993_1144;101;1993_1144;1993;58;0;33.4;;;;;; 
1145;1993_1145;101;1993_1145;1993;53.9;0;32.6;;;;;; 
1146;1993_1146;101;1993_1146;1993;42.8;0;29.6;;;;;; 
1147;1993_1147;101;1993_1147;1993;41.9;0;29.3;;;;;; 
1148;1993_1148;101;1993_1148;1993;41.4;0;29.1;;;;;; 
1149;1993_1149;101;1993_1149;1993;41;0;29;;;;;; 
1150;1993_1150;101;1993_1150;1993;39.8;0;28.5;;;;;; 
1151;1993_1151;101;1993_1151;1993;37.5;0;27.7;;;;;; 
1152;1993_1152;101;1993_1152;1993;35.5;0;26.9;;;;;; 
1153;1993_1153;101;1993_1153;1993;35.2;0;26.7;;;;;; 
1154;1993_1154;101;1993_1154;1993;32.4;0;25.5;;;;;; 
1155;1993_1155;101;1993_1155;1993;31.9;0;25.2;;;;;; 
1156;1993_1156;101;1993_1156;1993;29.1;0;23.7;;;;;; 
1157;1993_1157;101;1993_1157;1993;28.1;0;23.2;;;;;; 
1158;1993_1158;101;1993_1158;1993;25.5;0;21.6;;;;;; 
1159;1993_1159;101;1993_1159;1993;24.5;0;20.9;;;;;; 
1160;1993_1160;101;1993_1160;1993;24.4;0;20.8;;;;;; 
1161;1993_1161;101;1993_1161;1993;23.9;0;20.5;;;;;; 
1162;1993_1162;101;1993_1162;1993;23.4;0;20.1;;;;;; 
1163;1993_1163;101;1993_1163;1993;20.9;0;18.2;;;;;; 
1164;1993_1164;101;1993_1164;1993;19.9;0;17.4;;;;;; 
1165;1993_1165;200;1993_1165;1993;32.9;0;25.1;;;;;; 
1166;1993_1166;200;1993_1166;1993;27.5;0;22.7;;;;;; 
1167;1993_1167;200;1993_1167;1993;23.1;0;20.1;;;;;; 
1168;1993_1168;200;1993_1168;1993;19.1;0;17.2;;;;;; 
1169;1993_1169;200;1993_1169;1993;18;0;16.3;;;;;; 
1170;1993_1170;200;1993_1170;1993;16.1;0;14.6;;;;;; 
1171;2001_1171;100;2001_1171;2001;86;0;42.5;;;;;; 
1172;2001_1172;100;2001_1172;2001;83.2;0;42.1;;;;;; 
1173;2001_1173;100;2001_1173;2001;82.2;0;42;;;;;; 
1174;2001_1174;100;2001_1174;2001;79.3;0;41.5;;;;;; 
1175;2001_1175;100;2001_1175;2001;68;0;39.5;;;;;; 
1176;2001_1176;100;2001_1176;2001;66.5;0;39.2;;;;;; 
1177;2001_1177;100;2001_1177;2001;66.3;0;39.2;;;;;; 
1178;2001_1178;100;2001_1178;2001;62.1;0;38.2;;;;;; 
1179;2001_1179;100;2001_1179;2001;56.1;0;36.7;;;;;; 
1180;2001_1180;100;2001_1180;2001;55;0;36.4;;;;;; 
1181;2001_1181;100;2001_1181;2001;47.9;0;34.1;;;;;; 
1182;2001_1182;100;2001_1182;2001;26;0;22.6;;;;;; 
1183;2001_1183;100;2001_1183;2001;24.4;0;21.4;;;;;; 
1184;2001_1184;100;2001_1184;2001;19.3;0;16.7;;;;;; 
1185;2001_1185;101;2001_1185;2001;107.8;0;40.5;;;;;; 
1186;2001_1186;101;2001_1186;2001;104.4;0;40.2;;;;;; 
1187;2001_1187;101;2001_1187;2001;100.9;0;39.9;;;;;; 
1188;2001_1188;101;2001_1188;2001;99.3;0;39.8;;;;;; 
1189;2001_1189;101;2001_1189;2001;96.6;0;39.5;;;;;; 
1190;2001_1190;101;2001_1190;2001;95.8;0;39.4;;;;;; 
1191;2001_1191;101;2001_1191;2001;94;0;39.3;;;;;; 
1192;2001_1192;101;2001_1192;2001;93.2;0;39.2;;;;;; 
1193;2001_1193;101;2001_1193;2001;86.5;0;38.5;;;;;; 
1194;2001_1194;101;2001_1194;2001;85.2;0;38.3;;;;;; 
1195;2001_1195;101;2001_1195;2001;81.8;0;37.9;;;;;; 
1196;2001_1196;101;2001_1196;2001;81.3;0;37.9;;;;;; 
1197;2001_1197;101;2001_1197;2001;80.7;0;37.8;;;;;; 
1198;2001_1198;101;2001_1198;2001;76.8;0;37.3;;;;;; 
1199;2001_1199;101;2001_1199;2001;76.6;0;37.3;;;;;; 
1200;2001_1200;101;2001_1200;2001;75.2;0;37.1;;;;;; 
1201;2001_1201;101;2001_1201;2001;74.7;0;37;;;;;; 
1202;2001_1202;101;2001_1202;2001;74;0;36.9;;;;;; 
1203;2001_1203;101;2001_1203;2001;73;0;36.8;;;;;; 
1204;2001_1204;101;2001_1204;2001;68.7;0;36.1;;;;;; 
1205;2001_1205;101;2001_1205;2001;67.5;0;35.9;;;;;; 
1206;2001_1206;101;2001_1206;2001;67.2;0;35.8;;;;;; 
1207;2001_1207;101;2001_1207;2001;66.5;0;35.7;;;;;; 
1208;2001_1208;101;2001_1208;2001;65.5;0;35.5;;;;;; 
1209;2001_1209;101;2001_1209;2001;65.2;0;35.5;;;;;; 
1210;2001_1210;101;2001_1210;2001;63.9;0;35.2;;;;;; 
1211;2001_1211;101;2001_1211;2001;62.7;0;35;;;;;; 
1212;2001_1212;101;2001_1212;2001;62.5;0;35;;;;;; 
1213;2001_1213;101;2001_1213;2001;56.6;0;33.7;;;;;; 
1214;2001_1214;101;2001_1214;2001;56.1;0;33.6;;;;;; 
1215;2001_1215;101;2001_1215;2001;55.4;0;33.5;;;;;; 
1216;2001_1216;101;2001_1216;2001;50;0;32.1;;;;;; 
1217;2001_1217;101;2001_1217;2001;47.5;0;31.4;;;;;; 
1218;2001_1218;101;2001_1218;2001;45.2;0;30.6;;;;;; 
1219;2001_1219;101;2001_1219;2001;44.6;0;30.5;;;;;; 
1220;2001_1220;101;2001_1220;2001;42.8;0;29.8;;;;;; 
1221;2001_1221;101;2001_1221;2001;42.1;0;29.6;;;;;; 
1222;2001_1222;101;2001_1222;2001;40.9;0;29.2;;;;;; 
1223;2001_1223;101;2001_1223;2001;38;0;28;;;;;; 
1224;2001_1224;101;2001_1224;2001;37.6;0;27.8;;;;;; 
1225;2001_1225;101;2001_1225;2001;37.1;0;27.6;;;;;; 
1226;2001_1226;101;2001_1226;2001;34.8;0;26.6;;;;;; 
1227;2001_1227;101;2001_1227;2001;33.9;0;26.2;;;;;; 
1228;2001_1228;101;2001_1228;2001;30.6;0;24.5;;;;;; 
1229;2001_1229;101;2001_1229;2001;28.6;0;23.3;;;;;; 
1230;2001_1230;101;2001_1230;2001;28.3;0;23.1;;;;;; 
1231;2001_1231;101;2001_1231;2001;23.1;0;19.6;;;;;; 
1232;2001_1232;101;2001_1232;2001;22.8;0;19.3;;;;;; 
1233;2001_1233;101;2001_1233;2001;20.6;0;17.5;;;;;; 
1234;2001_1234;101;2001_1234;2001;18.3;0;15.4;;;;;; 
1235;2001_1235;101;2001_1235;2001;18.2;0;15.4;;;;;; 
1236;2001_1236;200;2001_1236;2001;38.9;0;27.2;;;;;; 
1237;2001_1237;200;2001_1237;2001;36.5;0;26.6;;;;;; 
1238;2001_1238;200;2001_1238;2001;35;0;26.2;;;;;; 
1239;2001_1239;200;2001_1239;2001;33.5;0;25.7;;;;;; 
1240;2001_1240;200;2001_1240;2001;33.5;0;25.7;;;;;; 
1241;2001_1241;200;2001_1241;2001;29.1;0;24.2;;;;;; 
1242;2001_1242;200;2001_1242;2001;28.6;0;24;;;;;; 
1243;2001_1243;200;2001_1243;2001;27.9;0;23.7;;;;;; 
1244;2001_1244;200;2001_1244;2001;27.4;0;23.5;;;;;; 
1245;2001_1245;200;2001_1245;2001;26.3;0;23;;;;;; 
1246;2001_1246;200;2001_1246;2001;25.1;0;22.4;;;;;; 
1247;2001_1247;200;2001_1247;2001;24.9;0;22.3;;;;;; 
1248;2001_1248;200;2001_1248;2001;24.4;0;22.1;;;;;; 
1249;2001_1249;200;2001_1249;2001;23.9;0;21.8;;;;;; 
1250;2001_1250;200;2001_1250;2001;21.2;0;20.3;;;;;; 
1251;2001_1251;200;2001_1251;2001;20.8;0;20;;;;;; 
1252;2001_1252;200;2001_1252;2001;20.2;0;19.7;;;;;; 
1253;2001_1253;200;2001_1253;2001;19.9;0;19.5;;;;;; 
1254;2001_1254;200;2001_1254;2001;19.7;0;19.3;;;;;; 
1255;2001_1255;200;2001_1255;2001;19.5;0;19.2;;;;;; 